{
"type": "FeatureCollection",
"name": "2_pontos_sobreposicao_fluxos",
"crs": { "type": "name", "properties": { "name": "urn:ogc:def:crs:OGC:1.3:CRS84" } },
"features": [
{ "type": "Feature", "properties": { "MUNICIPIO": "Barracão", "RANK": 1, "FREQ": 575, "LATITUDE": -26.254854616173901, "LONGITUDE": -53.6233871001739 }, "geometry": { "type": "Point", "coordinates": [ -53.6233871001739, -26.254854616173901 ] } },
{ "type": "Feature", "properties": { "MUNICIPIO": "Barracão", "RANK": 2, "FREQ": 182, "LATITUDE": -26.246052528021998, "LONGITUDE": -53.455185203296701 }, "geometry": { "type": "Point", "coordinates": [ -53.455185203296701, -26.246052528021998 ] } },
{ "type": "Feature", "properties": { "MUNICIPIO": "Barracão", "RANK": 3, "FREQ": 95, "LATITUDE": -26.23720094, "LONGITUDE": -53.583053894736899 }, "geometry": { "type": "Point", "coordinates": [ -53.583053894736899, -26.23720094 ] } },
{ "type": "Feature", "properties": { "MUNICIPIO": "Barracão", "RANK": 4, "FREQ": 90, "LATITUDE": -26.278270111111102, "LONGITUDE": -53.4499693333333 }, "geometry": { "type": "Point", "coordinates": [ -53.4499693333333, -26.278270111111102 ] } },
{ "type": "Feature", "properties": { "MUNICIPIO": "Barracão", "RANK": 5, "FREQ": 54, "LATITUDE": -26.2873062962963, "LONGITUDE": -53.554353703703697 }, "geometry": { "type": "Point", "coordinates": [ -53.554353703703697, -26.2873062962963 ] } },
{ "type": "Feature", "properties": { "MUNICIPIO": "Barracão", "RANK": 6, "FREQ": 40, "LATITUDE": -26.247264, "LONGITUDE": -53.5946105 }, "geometry": { "type": "Point", "coordinates": [ -53.5946105, -26.247264 ] } },
{ "type": "Feature", "properties": { "MUNICIPIO": "Barracão", "RANK": 7, "FREQ": 40, "LATITUDE": -26.29182075, "LONGITUDE": -53.4658485 }, "geometry": { "type": "Point", "coordinates": [ -53.4658485, -26.29182075 ] } },
{ "type": "Feature", "properties": { "MUNICIPIO": "Barracão", "RANK": 8, "FREQ": 37, "LATITUDE": -26.270665405405399, "LONGITUDE": -53.587991621621597 }, "geometry": { "type": "Point", "coordinates": [ -53.587991621621597, -26.270665405405399 ] } },
{ "type": "Feature", "properties": { "MUNICIPIO": "Barracão", "RANK": 9, "FREQ": 29, "LATITUDE": -26.292032413793098, "LONGITUDE": -53.537946896551702 }, "geometry": { "type": "Point", "coordinates": [ -53.537946896551702, -26.292032413793098 ] } },
{ "type": "Feature", "properties": { "MUNICIPIO": "Barracão", "RANK": 10, "FREQ": 23, "LATITUDE": -26.2644208695652, "LONGITUDE": -53.599779130434797 }, "geometry": { "type": "Point", "coordinates": [ -53.599779130434797, -26.2644208695652 ] } },
{ "type": "Feature", "properties": { "MUNICIPIO": "Barracão", "RANK": 11, "FREQ": 22, "LATITUDE": -26.291945909090899, "LONGITUDE": -53.524839545454597 }, "geometry": { "type": "Point", "coordinates": [ -53.524839545454597, -26.291945909090899 ] } },
{ "type": "Feature", "properties": { "MUNICIPIO": "Barracão", "RANK": 12, "FREQ": 20, "LATITUDE": -26.2903825, "LONGITUDE": -53.4528695 }, "geometry": { "type": "Point", "coordinates": [ -53.4528695, -26.2903825 ] } },
{ "type": "Feature", "properties": { "MUNICIPIO": "Barracão", "RANK": 13, "FREQ": 20, "LATITUDE": -26.24624, "LONGITUDE": -53.604132 }, "geometry": { "type": "Point", "coordinates": [ -53.604132, -26.24624 ] } },
{ "type": "Feature", "properties": { "MUNICIPIO": "Barracão", "RANK": 14, "FREQ": 19, "LATITUDE": -26.280780526315802, "LONGITUDE": -53.568790526315802 }, "geometry": { "type": "Point", "coordinates": [ -53.568790526315802, -26.280780526315802 ] } },
{ "type": "Feature", "properties": { "MUNICIPIO": "Barracão", "RANK": 15, "FREQ": 19, "LATITUDE": -26.2776247368421, "LONGITUDE": -53.581730526315802 }, "geometry": { "type": "Point", "coordinates": [ -53.581730526315802, -26.2776247368421 ] } },
{ "type": "Feature", "properties": { "MUNICIPIO": "Barracão", "RANK": 16, "FREQ": 18, "LATITUDE": -26.2449266666667, "LONGITUDE": -53.589106666666702 }, "geometry": { "type": "Point", "coordinates": [ -53.589106666666702, -26.2449266666667 ] } },
{ "type": "Feature", "properties": { "MUNICIPIO": "Barracão", "RANK": 17, "FREQ": 17, "LATITUDE": -26.2945829411765, "LONGITUDE": -53.517156470588198 }, "geometry": { "type": "Point", "coordinates": [ -53.517156470588198, -26.2945829411765 ] } },
{ "type": "Feature", "properties": { "MUNICIPIO": "Barracão", "RANK": 18, "FREQ": 16, "LATITUDE": -26.260154375, "LONGITUDE": -53.610288124999997 }, "geometry": { "type": "Point", "coordinates": [ -53.610288125, -26.260154375 ] } },
{ "type": "Feature", "properties": { "MUNICIPIO": "Barracão", "RANK": 19, "FREQ": 13, "LATITUDE": -26.292169230769201, "LONGITUDE": -53.483463846153803 }, "geometry": { "type": "Point", "coordinates": [ -53.483463846153803, -26.292169230769201 ] } },
{ "type": "Feature", "properties": { "MUNICIPIO": "Barracão", "RANK": 20, "FREQ": 10, "LATITUDE": -26.268104, "LONGITUDE": -53.456641 }, "geometry": { "type": "Point", "coordinates": [ -53.456641, -26.268104 ] } },
{ "type": "Feature", "properties": { "MUNICIPIO": "Barracão", "RANK": 21, "FREQ": 9, "LATITUDE": -26.298838888888898, "LONGITUDE": -53.506237777777798 }, "geometry": { "type": "Point", "coordinates": [ -53.506237777777798, -26.298838888888898 ] } },
{ "type": "Feature", "properties": { "MUNICIPIO": "Barracão", "RANK": 22, "FREQ": 8, "LATITUDE": -26.30004375, "LONGITUDE": -53.49415625 }, "geometry": { "type": "Point", "coordinates": [ -53.49415625, -26.30004375 ] } },
{ "type": "Feature", "properties": { "MUNICIPIO": "Barracão", "RANK": 23, "FREQ": 7, "LATITUDE": -26.261634285714301, "LONGITUDE": -53.607178571428598 }, "geometry": { "type": "Point", "coordinates": [ -53.607178571428598, -26.261634285714301 ] } },
{ "type": "Feature", "properties": { "MUNICIPIO": "Barracão", "RANK": 24, "FREQ": 7, "LATITUDE": -26.296918571428598, "LONGITUDE": -53.489125714285699 }, "geometry": { "type": "Point", "coordinates": [ -53.489125714285699, -26.296918571428598 ] } },
{ "type": "Feature", "properties": { "MUNICIPIO": "Barracão", "RANK": 25, "FREQ": 7, "LATITUDE": -26.284227142857102, "LONGITUDE": -53.560188571428597 }, "geometry": { "type": "Point", "coordinates": [ -53.560188571428597, -26.284227142857102 ] } },
{ "type": "Feature", "properties": { "MUNICIPIO": "Barracão", "RANK": 26, "FREQ": 6, "LATITUDE": -26.278798333333299, "LONGITUDE": -53.57744 }, "geometry": { "type": "Point", "coordinates": [ -53.57744, -26.278798333333299 ] } },
{ "type": "Feature", "properties": { "MUNICIPIO": "Barracão", "RANK": 27, "FREQ": 5, "LATITUDE": -26.290128, "LONGITUDE": -53.475568 }, "geometry": { "type": "Point", "coordinates": [ -53.475568, -26.290128 ] } },
{ "type": "Feature", "properties": { "MUNICIPIO": "Barracão", "RANK": 28, "FREQ": 5, "LATITUDE": -26.265394, "LONGITUDE": -53.456192 }, "geometry": { "type": "Point", "coordinates": [ -53.456192, -26.265394 ] } },
{ "type": "Feature", "properties": { "MUNICIPIO": "Barracão", "RANK": 29, "FREQ": 5, "LATITUDE": -26.29028, "LONGITUDE": -53.546462 }, "geometry": { "type": "Point", "coordinates": [ -53.546462, -26.29028 ] } },
{ "type": "Feature", "properties": { "MUNICIPIO": "Barracão", "RANK": 30, "FREQ": 4, "LATITUDE": -26.2976275, "LONGITUDE": -53.5094125 }, "geometry": { "type": "Point", "coordinates": [ -53.5094125, -26.2976275 ] } },
{ "type": "Feature", "properties": { "MUNICIPIO": "Barracão", "RANK": 31, "FREQ": 4, "LATITUDE": -26.2963375, "LONGITUDE": -53.512685 }, "geometry": { "type": "Point", "coordinates": [ -53.512685, -26.2963375 ] } },
{ "type": "Feature", "properties": { "MUNICIPIO": "Barracão", "RANK": 32, "FREQ": 3, "LATITUDE": -26.299476666666699, "LONGITUDE": -53.5029 }, "geometry": { "type": "Point", "coordinates": [ -53.5029, -26.299476666666699 ] } },
{ "type": "Feature", "properties": { "MUNICIPIO": "Barracão", "RANK": 33, "FREQ": 3, "LATITUDE": -26.29984, "LONGITUDE": -53.500026666666699 }, "geometry": { "type": "Point", "coordinates": [ -53.500026666666699, -26.29984 ] } },
{ "type": "Feature", "properties": { "MUNICIPIO": "Barracão", "RANK": 34, "FREQ": 3, "LATITUDE": -26.2829266666667, "LONGITUDE": -53.563403333333298 }, "geometry": { "type": "Point", "coordinates": [ -53.563403333333298, -26.2829266666667 ] } },
{ "type": "Feature", "properties": { "MUNICIPIO": "Barracão", "RANK": 35, "FREQ": 2, "LATITUDE": -26.24651, "LONGITUDE": -53.59995 }, "geometry": { "type": "Point", "coordinates": [ -53.59995, -26.24651 ] } },
{ "type": "Feature", "properties": { "MUNICIPIO": "Barracão", "RANK": 36, "FREQ": 2, "LATITUDE": -26.30004, "LONGITUDE": -53.49848 }, "geometry": { "type": "Point", "coordinates": [ -53.49848, -26.30004 ] } },
{ "type": "Feature", "properties": { "MUNICIPIO": "Barracão", "RANK": 37, "FREQ": 2, "LATITUDE": -26.269485, "LONGITUDE": -53.45575 }, "geometry": { "type": "Point", "coordinates": [ -53.45575, -26.269485 ] } },
{ "type": "Feature", "properties": { "MUNICIPIO": "Barracão", "RANK": 38, "FREQ": 2, "LATITUDE": -26.24636, "LONGITUDE": -53.60094 }, "geometry": { "type": "Point", "coordinates": [ -53.60094, -26.24636 ] } },
{ "type": "Feature", "properties": { "MUNICIPIO": "Barracão", "RANK": 39, "FREQ": 2, "LATITUDE": -26.300235, "LONGITUDE": -53.49701 }, "geometry": { "type": "Point", "coordinates": [ -53.49701, -26.300235 ] } },
{ "type": "Feature", "properties": { "MUNICIPIO": "Barracão", "RANK": 40, "FREQ": 2, "LATITUDE": -26.29219, "LONGITUDE": -53.53084 }, "geometry": { "type": "Point", "coordinates": [ -53.53084, -26.29219 ] } },
{ "type": "Feature", "properties": { "MUNICIPIO": "Barracão", "RANK": 41, "FREQ": 1, "LATITUDE": -26.292, "LONGITUDE": -53.45697 }, "geometry": { "type": "Point", "coordinates": [ -53.45697, -26.292 ] } },
{ "type": "Feature", "properties": { "MUNICIPIO": "Barracão", "RANK": 42, "FREQ": 1, "LATITUDE": -26.29197, "LONGITUDE": -53.52901 }, "geometry": { "type": "Point", "coordinates": [ -53.52901, -26.29197 ] } },
{ "type": "Feature", "properties": { "MUNICIPIO": "Barracão", "RANK": 43, "FREQ": 1, "LATITUDE": -26.28362, "LONGITUDE": -53.56171 }, "geometry": { "type": "Point", "coordinates": [ -53.56171, -26.28362 ] } },
{ "type": "Feature", "properties": { "MUNICIPIO": "Barracão", "RANK": 44, "FREQ": 1, "LATITUDE": -26.27934, "LONGITUDE": -53.57439 }, "geometry": { "type": "Point", "coordinates": [ -53.57439, -26.27934 ] } },
{ "type": "Feature", "properties": { "MUNICIPIO": "Barracão", "RANK": 45, "FREQ": 1, "LATITUDE": -26.27956, "LONGITUDE": -53.57314 }, "geometry": { "type": "Point", "coordinates": [ -53.57314, -26.27956 ] } },
{ "type": "Feature", "properties": { "MUNICIPIO": "Barracão", "RANK": 46, "FREQ": 1, "LATITUDE": -26.2785, "LONGITUDE": -53.57912 }, "geometry": { "type": "Point", "coordinates": [ -53.57912, -26.2785 ] } },
{ "type": "Feature", "properties": { "MUNICIPIO": "Barracão", "RANK": 47, "FREQ": 1, "LATITUDE": -26.27914, "LONGITUDE": -53.57556 }, "geometry": { "type": "Point", "coordinates": [ -53.57556, -26.27914 ] } },
{ "type": "Feature", "properties": { "MUNICIPIO": "Bonito", "RANK": 1, "FREQ": 65, "LATITUDE": -21.133156, "LONGITUDE": -56.479336769230798 }, "geometry": { "type": "Point", "coordinates": [ -56.479336769230798, -21.133156 ] } },
{ "type": "Feature", "properties": { "MUNICIPIO": "Bonito", "RANK": 2, "FREQ": 61, "LATITUDE": -21.242909878688501, "LONGITUDE": -56.448432068852398 }, "geometry": { "type": "Point", "coordinates": [ -56.448432068852398, -21.242909878688501 ] } },
{ "type": "Feature", "properties": { "MUNICIPIO": "Bonito", "RANK": 3, "FREQ": 57, "LATITUDE": -21.1174247368421, "LONGITUDE": -56.506741578947398 }, "geometry": { "type": "Point", "coordinates": [ -56.506741578947398, -21.1174247368421 ] } },
{ "type": "Feature", "properties": { "MUNICIPIO": "Bonito", "RANK": 4, "FREQ": 50, "LATITUDE": -21.112798066, "LONGITUDE": -56.482908043999998 }, "geometry": { "type": "Point", "coordinates": [ -56.482908044, -21.112798066 ] } },
{ "type": "Feature", "properties": { "MUNICIPIO": "Bonito", "RANK": 5, "FREQ": 37, "LATITUDE": -21.2263127027027, "LONGITUDE": -56.454049459459497 }, "geometry": { "type": "Point", "coordinates": [ -56.454049459459497, -21.2263127027027 ] } },
{ "type": "Feature", "properties": { "MUNICIPIO": "Bonito", "RANK": 6, "FREQ": 32, "LATITUDE": -21.1273386875, "LONGITUDE": -56.486474587499998 }, "geometry": { "type": "Point", "coordinates": [ -56.486474587499998, -21.1273386875 ] } },
{ "type": "Feature", "properties": { "MUNICIPIO": "Bonito", "RANK": 7, "FREQ": 31, "LATITUDE": -21.121425483871, "LONGITUDE": -56.482860645161303 }, "geometry": { "type": "Point", "coordinates": [ -56.482860645161303, -21.121425483871 ] } },
{ "type": "Feature", "properties": { "MUNICIPIO": "Bonito", "RANK": 8, "FREQ": 29, "LATITUDE": -21.1766189655172, "LONGITUDE": -56.448899655172397 }, "geometry": { "type": "Point", "coordinates": [ -56.448899655172397, -21.1766189655172 ] } },
{ "type": "Feature", "properties": { "MUNICIPIO": "Bonito", "RANK": 9, "FREQ": 28, "LATITUDE": -21.1167867857143, "LONGITUDE": -56.515925 }, "geometry": { "type": "Point", "coordinates": [ -56.515925, -21.1167867857143 ] } },
{ "type": "Feature", "properties": { "MUNICIPIO": "Bonito", "RANK": 10, "FREQ": 27, "LATITUDE": -21.171228148148199, "LONGITUDE": -56.453535925925898 }, "geometry": { "type": "Point", "coordinates": [ -56.453535925925898, -21.171228148148199 ] } },
{ "type": "Feature", "properties": { "MUNICIPIO": "Bonito", "RANK": 11, "FREQ": 22, "LATITUDE": -21.122162727272698, "LONGITUDE": -56.499998181818199 }, "geometry": { "type": "Point", "coordinates": [ -56.499998181818199, -21.122162727272698 ] } },
{ "type": "Feature", "properties": { "MUNICIPIO": "Bonito", "RANK": 12, "FREQ": 18, "LATITUDE": -21.235187777777799, "LONGITUDE": -56.452347222222201 }, "geometry": { "type": "Point", "coordinates": [ -56.452347222222201, -21.235187777777799 ] } },
{ "type": "Feature", "properties": { "MUNICIPIO": "Bonito", "RANK": 13, "FREQ": 16, "LATITUDE": -21.1269675, "LONGITUDE": -56.4904525 }, "geometry": { "type": "Point", "coordinates": [ -56.4904525, -21.1269675 ] } },
{ "type": "Feature", "properties": { "MUNICIPIO": "Bonito", "RANK": 14, "FREQ": 16, "LATITUDE": -21.125965, "LONGITUDE": -56.4924625 }, "geometry": { "type": "Point", "coordinates": [ -56.4924625, -21.125965 ] } },
{ "type": "Feature", "properties": { "MUNICIPIO": "Bonito", "RANK": 15, "FREQ": 13, "LATITUDE": -21.113940707692301, "LONGITUDE": -56.507317315384597 }, "geometry": { "type": "Point", "coordinates": [ -56.507317315384597, -21.113940707692301 ] } },
{ "type": "Feature", "properties": { "MUNICIPIO": "Bonito", "RANK": 16, "FREQ": 13, "LATITUDE": -21.188144615384601, "LONGITUDE": -56.4523607692308 }, "geometry": { "type": "Point", "coordinates": [ -56.4523607692308, -21.188144615384601 ] } },
{ "type": "Feature", "properties": { "MUNICIPIO": "Bonito", "RANK": 17, "FREQ": 12, "LATITUDE": -21.218023333333299, "LONGITUDE": -56.454314166666698 }, "geometry": { "type": "Point", "coordinates": [ -56.454314166666698, -21.218023333333299 ] } },
{ "type": "Feature", "properties": { "MUNICIPIO": "Bonito", "RANK": 18, "FREQ": 12, "LATITUDE": -21.12491, "LONGITUDE": -56.494525 }, "geometry": { "type": "Point", "coordinates": [ -56.494525, -21.12491 ] } },
{ "type": "Feature", "properties": { "MUNICIPIO": "Bonito", "RANK": 19, "FREQ": 10, "LATITUDE": -21.199582, "LONGITUDE": -56.452548 }, "geometry": { "type": "Point", "coordinates": [ -56.452548, -21.199582 ] } },
{ "type": "Feature", "properties": { "MUNICIPIO": "Bonito", "RANK": 20, "FREQ": 10, "LATITUDE": -21.120588, "LONGITUDE": -56.501762 }, "geometry": { "type": "Point", "coordinates": [ -56.501762, -21.120588 ] } },
{ "type": "Feature", "properties": { "MUNICIPIO": "Bonito", "RANK": 21, "FREQ": 9, "LATITUDE": -21.206592222222199, "LONGITUDE": -56.454335555555602 }, "geometry": { "type": "Point", "coordinates": [ -56.454335555555602, -21.206592222222199 ] } },
{ "type": "Feature", "properties": { "MUNICIPIO": "Bonito", "RANK": 22, "FREQ": 9, "LATITUDE": -21.152618888888899, "LONGITUDE": -56.470435555555603 }, "geometry": { "type": "Point", "coordinates": [ -56.470435555555603, -21.152618888888899 ] } },
{ "type": "Feature", "properties": { "MUNICIPIO": "Bonito", "RANK": 23, "FREQ": 9, "LATITUDE": -21.15893, "LONGITUDE": -56.465703333333302 }, "geometry": { "type": "Point", "coordinates": [ -56.465703333333302, -21.15893 ] } },
{ "type": "Feature", "properties": { "MUNICIPIO": "Bonito", "RANK": 24, "FREQ": 9, "LATITUDE": -21.148908888888901, "LONGITUDE": -56.4726988888889 }, "geometry": { "type": "Point", "coordinates": [ -56.4726988888889, -21.148908888888901 ] } },
{ "type": "Feature", "properties": { "MUNICIPIO": "Bonito", "RANK": 25, "FREQ": 6, "LATITUDE": -21.105874033333301, "LONGITUDE": -56.529401566666699 }, "geometry": { "type": "Point", "coordinates": [ -56.529401566666699, -21.105874033333301 ] } },
{ "type": "Feature", "properties": { "MUNICIPIO": "Bonito", "RANK": 26, "FREQ": 6, "LATITUDE": -21.140373333333301, "LONGITUDE": -56.475081666666703 }, "geometry": { "type": "Point", "coordinates": [ -56.475081666666703, -21.140373333333301 ] } },
{ "type": "Feature", "properties": { "MUNICIPIO": "Bonito", "RANK": 27, "FREQ": 5, "LATITUDE": -21.144412, "LONGITUDE": -56.474 }, "geometry": { "type": "Point", "coordinates": [ -56.474, -21.144412 ] } },
{ "type": "Feature", "properties": { "MUNICIPIO": "Bonito", "RANK": 28, "FREQ": 4, "LATITUDE": -21.12371, "LONGITUDE": -56.49698 }, "geometry": { "type": "Point", "coordinates": [ -56.49698, -21.12371 ] } },
{ "type": "Feature", "properties": { "MUNICIPIO": "Bonito", "RANK": 29, "FREQ": 4, "LATITUDE": -21.11416, "LONGITUDE": -56.5214625 }, "geometry": { "type": "Point", "coordinates": [ -56.5214625, -21.11416 ] } },
{ "type": "Feature", "properties": { "MUNICIPIO": "Bonito", "RANK": 30, "FREQ": 4, "LATITUDE": -21.11909, "LONGITUDE": -56.50352 }, "geometry": { "type": "Point", "coordinates": [ -56.50352, -21.11909 ] } },
{ "type": "Feature", "properties": { "MUNICIPIO": "Bonito", "RANK": 31, "FREQ": 4, "LATITUDE": -21.11862, "LONGITUDE": -56.50454 }, "geometry": { "type": "Point", "coordinates": [ -56.50454, -21.11862 ] } },
{ "type": "Feature", "properties": { "MUNICIPIO": "Bonito", "RANK": 32, "FREQ": 4, "LATITUDE": -21.11962, "LONGITUDE": -56.50252 }, "geometry": { "type": "Point", "coordinates": [ -56.50252, -21.11962 ] } },
{ "type": "Feature", "properties": { "MUNICIPIO": "Bonito", "RANK": 33, "FREQ": 4, "LATITUDE": -21.12772, "LONGITUDE": -56.48895 }, "geometry": { "type": "Point", "coordinates": [ -56.48895, -21.12772 ] } },
{ "type": "Feature", "properties": { "MUNICIPIO": "Bonito", "RANK": 34, "FREQ": 4, "LATITUDE": -21.12419, "LONGITUDE": -56.49596 }, "geometry": { "type": "Point", "coordinates": [ -56.49596, -21.12419 ] } },
{ "type": "Feature", "properties": { "MUNICIPIO": "Bonito", "RANK": 35, "FREQ": 4, "LATITUDE": -21.17274, "LONGITUDE": -56.4518925 }, "geometry": { "type": "Point", "coordinates": [ -56.4518925, -21.17274 ] } },
{ "type": "Feature", "properties": { "MUNICIPIO": "Bonito", "RANK": 36, "FREQ": 4, "LATITUDE": -21.12319, "LONGITUDE": -56.498 }, "geometry": { "type": "Point", "coordinates": [ -56.498, -21.12319 ] } },
{ "type": "Feature", "properties": { "MUNICIPIO": "Bonito", "RANK": 37, "FREQ": 4, "LATITUDE": -21.12825, "LONGITUDE": -56.48791 }, "geometry": { "type": "Point", "coordinates": [ -56.48791, -21.12825 ] } },
{ "type": "Feature", "properties": { "MUNICIPIO": "Bonito", "RANK": 38, "FREQ": 4, "LATITUDE": -21.18389, "LONGITUDE": -56.4512425 }, "geometry": { "type": "Point", "coordinates": [ -56.4512425, -21.18389 ] } },
{ "type": "Feature", "properties": { "MUNICIPIO": "Bonito", "RANK": 39, "FREQ": 2, "LATITUDE": -21.209455, "LONGITUDE": -56.45453 }, "geometry": { "type": "Point", "coordinates": [ -56.45453, -21.209455 ] } },
{ "type": "Feature", "properties": { "MUNICIPIO": "Bonito", "RANK": 40, "FREQ": 2, "LATITUDE": -21.203305, "LONGITUDE": -56.45351 }, "geometry": { "type": "Point", "coordinates": [ -56.45351, -21.203305 ] } },
{ "type": "Feature", "properties": { "MUNICIPIO": "Bonito", "RANK": 41, "FREQ": 2, "LATITUDE": -21.213425, "LONGITUDE": -56.45471 }, "geometry": { "type": "Point", "coordinates": [ -56.45471, -21.213425 ] } },
{ "type": "Feature", "properties": { "MUNICIPIO": "Bonito", "RANK": 42, "FREQ": 2, "LATITUDE": -21.1803, "LONGITUDE": -56.44977 }, "geometry": { "type": "Point", "coordinates": [ -56.44977, -21.1803 ] } },
{ "type": "Feature", "properties": { "MUNICIPIO": "Bonito", "RANK": 43, "FREQ": 1, "LATITUDE": -21.11678, "LONGITUDE": -56.51129 }, "geometry": { "type": "Point", "coordinates": [ -56.51129, -21.11678 ] } },
{ "type": "Feature", "properties": { "MUNICIPIO": "Bonito", "RANK": 44, "FREQ": 1, "LATITUDE": -21.11252, "LONGITUDE": -56.52305 }, "geometry": { "type": "Point", "coordinates": [ -56.52305, -21.11252 ] } },
{ "type": "Feature", "properties": { "MUNICIPIO": "Bonito", "RANK": 45, "FREQ": 1, "LATITUDE": -21.10699, "LONGITUDE": -56.52834 }, "geometry": { "type": "Point", "coordinates": [ -56.52834, -21.10699 ] } },
{ "type": "Feature", "properties": { "MUNICIPIO": "Bonito", "RANK": 46, "FREQ": 1, "LATITUDE": -21.24063, "LONGITUDE": -56.44907 }, "geometry": { "type": "Point", "coordinates": [ -56.44907, -21.24063 ] } },
{ "type": "Feature", "properties": { "MUNICIPIO": "Bonito", "RANK": 47, "FREQ": 1, "LATITUDE": -21.11076, "LONGITUDE": -56.52473 }, "geometry": { "type": "Point", "coordinates": [ -56.52473, -21.11076 ] } },
{ "type": "Feature", "properties": { "MUNICIPIO": "Bonito", "RANK": 48, "FREQ": 1, "LATITUDE": -21.10777, "LONGITUDE": -56.52761 }, "geometry": { "type": "Point", "coordinates": [ -56.52761, -21.10777 ] } },
{ "type": "Feature", "properties": { "MUNICIPIO": "Bonito", "RANK": 49, "FREQ": 1, "LATITUDE": -21.18264, "LONGITUDE": -56.45075 }, "geometry": { "type": "Point", "coordinates": [ -56.45075, -21.18264 ] } },
{ "type": "Feature", "properties": { "MUNICIPIO": "Bonito", "RANK": 50, "FREQ": 1, "LATITUDE": -21.22298, "LONGITUDE": -56.45394 }, "geometry": { "type": "Point", "coordinates": [ -56.45394, -21.22298 ] } },
{ "type": "Feature", "properties": { "MUNICIPIO": "Bonito", "RANK": 51, "FREQ": 1, "LATITUDE": -21.19224, "LONGITUDE": -56.45248 }, "geometry": { "type": "Point", "coordinates": [ -56.45248, -21.19224 ] } },
{ "type": "Feature", "properties": { "MUNICIPIO": "Bonito", "RANK": 52, "FREQ": 1, "LATITUDE": -21.19512, "LONGITUDE": -56.45238 }, "geometry": { "type": "Point", "coordinates": [ -56.45238, -21.19512 ] } },
{ "type": "Feature", "properties": { "MUNICIPIO": "Bonito", "RANK": 53, "FREQ": 1, "LATITUDE": -21.21165, "LONGITUDE": -56.45464 }, "geometry": { "type": "Point", "coordinates": [ -56.45464, -21.21165 ] } },
{ "type": "Feature", "properties": { "MUNICIPIO": "Bonito", "RANK": 54, "FREQ": 1, "LATITUDE": -21.16443, "LONGITUDE": -56.46046 }, "geometry": { "type": "Point", "coordinates": [ -56.46046, -21.16443 ] } },
{ "type": "Feature", "properties": { "MUNICIPIO": "Bonito", "RANK": 55, "FREQ": 1, "LATITUDE": -21.16534, "LONGITUDE": -56.45957 }, "geometry": { "type": "Point", "coordinates": [ -56.45957, -21.16534 ] } },
{ "type": "Feature", "properties": { "MUNICIPIO": "Bonito", "RANK": 56, "FREQ": 1, "LATITUDE": -21.16628, "LONGITUDE": -56.45863 }, "geometry": { "type": "Point", "coordinates": [ -56.45863, -21.16628 ] } },
{ "type": "Feature", "properties": { "MUNICIPIO": "Bonito", "RANK": 57, "FREQ": 1, "LATITUDE": -21.1676, "LONGITUDE": -56.45733 }, "geometry": { "type": "Point", "coordinates": [ -56.45733, -21.1676 ] } },
{ "type": "Feature", "properties": { "MUNICIPIO": "Bonito", "RANK": 58, "FREQ": 1, "LATITUDE": -21.16838, "LONGITUDE": -56.45655 }, "geometry": { "type": "Point", "coordinates": [ -56.45655, -21.16838 ] } },
{ "type": "Feature", "properties": { "MUNICIPIO": "Bonito", "RANK": 59, "FREQ": 1, "LATITUDE": -21.16923, "LONGITUDE": -56.45573 }, "geometry": { "type": "Point", "coordinates": [ -56.45573, -21.16923 ] } },
{ "type": "Feature", "properties": { "MUNICIPIO": "Bonito", "RANK": 60, "FREQ": 1, "LATITUDE": -21.16318, "LONGITUDE": -56.46171 }, "geometry": { "type": "Point", "coordinates": [ -56.46171, -21.16318 ] } },
{ "type": "Feature", "properties": { "MUNICIPIO": "Bonito", "RANK": 61, "FREQ": 1, "LATITUDE": -21.16125, "LONGITUDE": -56.46363 }, "geometry": { "type": "Point", "coordinates": [ -56.46363, -21.16125 ] } },
{ "type": "Feature", "properties": { "MUNICIPIO": "Bonito ", "RANK": 1, "FREQ": 718, "LATITUDE": -21.132509682172699, "LONGITUDE": -56.479753608495798 }, "geometry": { "type": "Point", "coordinates": [ -56.479753608495798, -21.132509682172699 ] } },
{ "type": "Feature", "properties": { "MUNICIPIO": "Bonito ", "RANK": 2, "FREQ": 321, "LATITUDE": -21.117425950155798, "LONGITUDE": -56.506521682242997 }, "geometry": { "type": "Point", "coordinates": [ -56.506521682242997, -21.117425950155798 ] } },
{ "type": "Feature", "properties": { "MUNICIPIO": "Bonito ", "RANK": 3, "FREQ": 316, "LATITUDE": -21.128103417721501, "LONGITUDE": -56.464629873417699 }, "geometry": { "type": "Point", "coordinates": [ -56.464629873417699, -21.128103417721501 ] } },
{ "type": "Feature", "properties": { "MUNICIPIO": "Bonito ", "RANK": 4, "FREQ": 233, "LATITUDE": -20.857886738197401, "LONGITUDE": -56.599530386266103 }, "geometry": { "type": "Point", "coordinates": [ -56.599530386266103, -20.857886738197401 ] } },
{ "type": "Feature", "properties": { "MUNICIPIO": "Bonito ", "RANK": 5, "FREQ": 225, "LATITUDE": -21.127624326666702, "LONGITUDE": -56.48656692 }, "geometry": { "type": "Point", "coordinates": [ -56.48656692, -21.127624326666702 ] } },
{ "type": "Feature", "properties": { "MUNICIPIO": "Bonito ", "RANK": 6, "FREQ": 222, "LATITUDE": -21.1713866450451, "LONGITUDE": -56.450573558558602 }, "geometry": { "type": "Point", "coordinates": [ -56.450573558558602, -21.1713866450451 ] } },
{ "type": "Feature", "properties": { "MUNICIPIO": "Bonito ", "RANK": 7, "FREQ": 214, "LATITUDE": -20.898538057943899, "LONGITUDE": -56.589362172429901 }, "geometry": { "type": "Point", "coordinates": [ -56.589362172429901, -20.898538057943899 ] } },
{ "type": "Feature", "properties": { "MUNICIPIO": "Bonito ", "RANK": 8, "FREQ": 189, "LATITUDE": -21.0044718518519, "LONGITUDE": -56.535707037037 }, "geometry": { "type": "Point", "coordinates": [ -56.535707037037, -21.0044718518519 ] } },
{ "type": "Feature", "properties": { "MUNICIPIO": "Bonito ", "RANK": 9, "FREQ": 188, "LATITUDE": -21.149482765957401, "LONGITUDE": -56.469130425531901 }, "geometry": { "type": "Point", "coordinates": [ -56.469130425531901, -21.149482765957401 ] } },
{ "type": "Feature", "properties": { "MUNICIPIO": "Bonito ", "RANK": 10, "FREQ": 181, "LATITUDE": -20.7674201657459, "LONGITUDE": -56.702030110497198 }, "geometry": { "type": "Point", "coordinates": [ -56.702030110497198, -20.7674201657459 ] } },
{ "type": "Feature", "properties": { "MUNICIPIO": "Bonito ", "RANK": 11, "FREQ": 171, "LATITUDE": -20.9220289473684, "LONGITUDE": -56.582011578947402 }, "geometry": { "type": "Point", "coordinates": [ -56.582011578947402, -20.9220289473684 ] } },
{ "type": "Feature", "properties": { "MUNICIPIO": "Bonito ", "RANK": 12, "FREQ": 160, "LATITUDE": -21.0463655, "LONGITUDE": -56.534664 }, "geometry": { "type": "Point", "coordinates": [ -56.534664, -21.0463655 ] } },
{ "type": "Feature", "properties": { "MUNICIPIO": "Bonito ", "RANK": 13, "FREQ": 148, "LATITUDE": -21.1251481081081, "LONGITUDE": -56.4148197297297 }, "geometry": { "type": "Point", "coordinates": [ -56.4148197297297, -21.1251481081081 ] } },
{ "type": "Feature", "properties": { "MUNICIPIO": "Bonito ", "RANK": 14, "FREQ": 146, "LATITUDE": -21.1502631506849, "LONGITUDE": -56.453807602739701 }, "geometry": { "type": "Point", "coordinates": [ -56.453807602739701, -21.1502631506849 ] } },
{ "type": "Feature", "properties": { "MUNICIPIO": "Bonito ", "RANK": 15, "FREQ": 140, "LATITUDE": -21.153924857142901, "LONGITUDE": -56.505317142857102 }, "geometry": { "type": "Point", "coordinates": [ -56.505317142857102, -21.153924857142901 ] } },
{ "type": "Feature", "properties": { "MUNICIPIO": "Bonito ", "RANK": 16, "FREQ": 129, "LATITUDE": -20.923211627907001, "LONGITUDE": -56.571140465116301 }, "geometry": { "type": "Point", "coordinates": [ -56.571140465116301, -20.923211627907001 ] } },
{ "type": "Feature", "properties": { "MUNICIPIO": "Bonito ", "RANK": 17, "FREQ": 126, "LATITUDE": -20.994645, "LONGITUDE": -56.539127222222199 }, "geometry": { "type": "Point", "coordinates": [ -56.539127222222199, -20.994645 ] } },
{ "type": "Feature", "properties": { "MUNICIPIO": "Bonito ", "RANK": 18, "FREQ": 121, "LATITUDE": -21.122162727272698, "LONGITUDE": -56.499998181818199 }, "geometry": { "type": "Point", "coordinates": [ -56.499998181818199, -21.122162727272698 ] } },
{ "type": "Feature", "properties": { "MUNICIPIO": "Bonito ", "RANK": 19, "FREQ": 108, "LATITUDE": -20.913693055555601, "LONGITUDE": -56.558572222222203 }, "geometry": { "type": "Point", "coordinates": [ -56.558572222222203, -20.913693055555601 ] } },
{ "type": "Feature", "properties": { "MUNICIPIO": "Bonito ", "RANK": 20, "FREQ": 105, "LATITUDE": -20.920484, "LONGITUDE": -56.561337714285699 }, "geometry": { "type": "Point", "coordinates": [ -56.561337714285699, -20.920484 ] } },
{ "type": "Feature", "properties": { "MUNICIPIO": "Bonito ", "RANK": 21, "FREQ": 98, "LATITUDE": -21.015717142857099, "LONGITUDE": -56.535175 }, "geometry": { "type": "Point", "coordinates": [ -56.535175, -21.015717142857099 ] } },
{ "type": "Feature", "properties": { "MUNICIPIO": "Bonito ", "RANK": 22, "FREQ": 96, "LATITUDE": -21.125965, "LONGITUDE": -56.4924625 }, "geometry": { "type": "Point", "coordinates": [ -56.4924625, -21.125965 ] } },
{ "type": "Feature", "properties": { "MUNICIPIO": "Bonito ", "RANK": 23, "FREQ": 96, "LATITUDE": -21.1269675, "LONGITUDE": -56.4904525 }, "geometry": { "type": "Point", "coordinates": [ -56.4904525, -21.1269675 ] } },
{ "type": "Feature", "properties": { "MUNICIPIO": "Bonito ", "RANK": 24, "FREQ": 96, "LATITUDE": -21.109759166666699, "LONGITUDE": -56.5089008333333 }, "geometry": { "type": "Point", "coordinates": [ -56.5089008333333, -21.109759166666699 ] } },
{ "type": "Feature", "properties": { "MUNICIPIO": "Bonito ", "RANK": 25, "FREQ": 96, "LATITUDE": -21.114085833333299, "LONGITUDE": -56.507263333333299 }, "geometry": { "type": "Point", "coordinates": [ -56.507263333333299, -21.114085833333299 ] } },
{ "type": "Feature", "properties": { "MUNICIPIO": "Bonito ", "RANK": 26, "FREQ": 88, "LATITUDE": -21.031983636363599, "LONGITUDE": -56.535058181818201 }, "geometry": { "type": "Point", "coordinates": [ -56.535058181818201, -21.031983636363599 ] } },
{ "type": "Feature", "properties": { "MUNICIPIO": "Bonito ", "RANK": 27, "FREQ": 88, "LATITUDE": -21.061574545454501, "LONGITUDE": -56.527721818181803 }, "geometry": { "type": "Point", "coordinates": [ -56.527721818181803, -21.061574545454501 ] } },
{ "type": "Feature", "properties": { "MUNICIPIO": "Bonito ", "RANK": 28, "FREQ": 84, "LATITUDE": -21.1167867857143, "LONGITUDE": -56.515925 }, "geometry": { "type": "Point", "coordinates": [ -56.515925, -21.1167867857143 ] } },
{ "type": "Feature", "properties": { "MUNICIPIO": "Bonito ", "RANK": 29, "FREQ": 83, "LATITUDE": -20.969866024096401, "LONGITUDE": -56.518549397590398 }, "geometry": { "type": "Point", "coordinates": [ -56.518549397590398, -20.969866024096401 ] } },
{ "type": "Feature", "properties": { "MUNICIPIO": "Bonito ", "RANK": 30, "FREQ": 81, "LATITUDE": -20.9675850617284, "LONGITUDE": -56.5470661728395 }, "geometry": { "type": "Point", "coordinates": [ -56.5470661728395, -20.9675850617284 ] } },
{ "type": "Feature", "properties": { "MUNICIPIO": "Bonito ", "RANK": 31, "FREQ": 80, "LATITUDE": -21.065907, "LONGITUDE": -56.525647 }, "geometry": { "type": "Point", "coordinates": [ -56.525647, -21.065907 ] } },
{ "type": "Feature", "properties": { "MUNICIPIO": "Bonito ", "RANK": 32, "FREQ": 78, "LATITUDE": -20.929417307692301, "LONGITUDE": -56.572972692307701 }, "geometry": { "type": "Point", "coordinates": [ -56.572972692307701, -20.929417307692301 ] } },
{ "type": "Feature", "properties": { "MUNICIPIO": "Bonito ", "RANK": 33, "FREQ": 75, "LATITUDE": -21.2435336, "LONGITUDE": -56.5348832 }, "geometry": { "type": "Point", "coordinates": [ -56.5348832, -21.2435336 ] } },
{ "type": "Feature", "properties": { "MUNICIPIO": "Bonito ", "RANK": 34, "FREQ": 74, "LATITUDE": -21.254449929729699, "LONGITUDE": -56.552202302702703 }, "geometry": { "type": "Point", "coordinates": [ -56.552202302702703, -21.254449929729699 ] } },
{ "type": "Feature", "properties": { "MUNICIPIO": "Bonito ", "RANK": 35, "FREQ": 72, "LATITUDE": -21.12491, "LONGITUDE": -56.494525 }, "geometry": { "type": "Point", "coordinates": [ -56.494525, -21.12491 ] } },
{ "type": "Feature", "properties": { "MUNICIPIO": "Bonito ", "RANK": 36, "FREQ": 65, "LATITUDE": -20.760682307692299, "LONGITUDE": -56.666725846153803 }, "geometry": { "type": "Point", "coordinates": [ -56.666725846153803, -20.760682307692299 ] } },
{ "type": "Feature", "properties": { "MUNICIPIO": "Bonito ", "RANK": 37, "FREQ": 65, "LATITUDE": -20.9694921538462, "LONGITUDE": -56.5376038461538 }, "geometry": { "type": "Point", "coordinates": [ -56.5376038461538, -20.9694921538462 ] } },
{ "type": "Feature", "properties": { "MUNICIPIO": "Bonito ", "RANK": 38, "FREQ": 61, "LATITUDE": -21.242906855737701, "LONGITUDE": -56.4484329213115 }, "geometry": { "type": "Point", "coordinates": [ -56.4484329213115, -21.242906855737701 ] } },
{ "type": "Feature", "properties": { "MUNICIPIO": "Bonito ", "RANK": 39, "FREQ": 60, "LATITUDE": -20.937514, "LONGITUDE": -56.562084 }, "geometry": { "type": "Point", "coordinates": [ -56.562084, -20.937514 ] } },
{ "type": "Feature", "properties": { "MUNICIPIO": "Bonito ", "RANK": 40, "FREQ": 60, "LATITUDE": -21.128039, "LONGITUDE": -56.4061265 }, "geometry": { "type": "Point", "coordinates": [ -56.4061265, -21.128039 ] } },
{ "type": "Feature", "properties": { "MUNICIPIO": "Bonito ", "RANK": 41, "FREQ": 57, "LATITUDE": -21.007285614035101, "LONGITUDE": -56.511672456140403 }, "geometry": { "type": "Point", "coordinates": [ -56.511672456140403, -21.007285614035101 ] } },
{ "type": "Feature", "properties": { "MUNICIPIO": "Bonito ", "RANK": 42, "FREQ": 56, "LATITUDE": -21.084638571428599, "LONGITUDE": -56.516721428571401 }, "geometry": { "type": "Point", "coordinates": [ -56.516721428571401, -21.084638571428599 ] } },
{ "type": "Feature", "properties": { "MUNICIPIO": "Bonito ", "RANK": 43, "FREQ": 55, "LATITUDE": -21.120588, "LONGITUDE": -56.501762 }, "geometry": { "type": "Point", "coordinates": [ -56.501762, -21.120588 ] } },
{ "type": "Feature", "properties": { "MUNICIPIO": "Bonito ", "RANK": 44, "FREQ": 54, "LATITUDE": -20.913406666666699, "LONGITUDE": -56.585298333333299 }, "geometry": { "type": "Point", "coordinates": [ -56.585298333333299, -20.913406666666699 ] } },
{ "type": "Feature", "properties": { "MUNICIPIO": "Bonito ", "RANK": 45, "FREQ": 52, "LATITUDE": -21.110972692307701, "LONGITUDE": -56.566847307692299 }, "geometry": { "type": "Point", "coordinates": [ -56.566847307692299, -21.110972692307701 ] } },
{ "type": "Feature", "properties": { "MUNICIPIO": "Bonito ", "RANK": 46, "FREQ": 50, "LATITUDE": -20.902528098000001, "LONGITUDE": -56.558889358000002 }, "geometry": { "type": "Point", "coordinates": [ -56.558889358, -20.902528098 ] } },
{ "type": "Feature", "properties": { "MUNICIPIO": "Bonito ", "RANK": 47, "FREQ": 49, "LATITUDE": -21.070509795918401, "LONGITUDE": -56.572195918367299 }, "geometry": { "type": "Point", "coordinates": [ -56.572195918367299, -21.070509795918401 ] } },
{ "type": "Feature", "properties": { "MUNICIPIO": "Bonito ", "RANK": 48, "FREQ": 49, "LATITUDE": -20.804800816326502, "LONGITUDE": -56.621736326530602 }, "geometry": { "type": "Point", "coordinates": [ -56.621736326530602, -20.804800816326502 ] } },
{ "type": "Feature", "properties": { "MUNICIPIO": "Bonito ", "RANK": 49, "FREQ": 48, "LATITUDE": -21.1899816666667, "LONGITUDE": -56.510789166666697 }, "geometry": { "type": "Point", "coordinates": [ -56.510789166666697, -21.1899816666667 ] } },
{ "type": "Feature", "properties": { "MUNICIPIO": "Bonito ", "RANK": 50, "FREQ": 48, "LATITUDE": -21.103207083333299, "LONGITUDE": -56.5711275 }, "geometry": { "type": "Point", "coordinates": [ -56.5711275, -21.103207083333299 ] } },
{ "type": "Feature", "properties": { "MUNICIPIO": "Bonito ", "RANK": 51, "FREQ": 48, "LATITUDE": -21.121965, "LONGITUDE": -56.42399 }, "geometry": { "type": "Point", "coordinates": [ -56.42399, -21.121965 ] } },
{ "type": "Feature", "properties": { "MUNICIPIO": "Bonito ", "RANK": 52, "FREQ": 48, "LATITUDE": -21.13846, "LONGITUDE": -56.40527375 }, "geometry": { "type": "Point", "coordinates": [ -56.40527375, -21.13846 ] } },
{ "type": "Feature", "properties": { "MUNICIPIO": "Bonito ", "RANK": 53, "FREQ": 48, "LATITUDE": -21.089995, "LONGITUDE": -56.515091666666699 }, "geometry": { "type": "Point", "coordinates": [ -56.515091666666699, -21.089995 ] } },
{ "type": "Feature", "properties": { "MUNICIPIO": "Bonito ", "RANK": 54, "FREQ": 48, "LATITUDE": -21.140373333333301, "LONGITUDE": -56.475081666666703 }, "geometry": { "type": "Point", "coordinates": [ -56.475081666666703, -21.140373333333301 ] } },
{ "type": "Feature", "properties": { "MUNICIPIO": "Bonito ", "RANK": 55, "FREQ": 48, "LATITUDE": -20.979429375, "LONGITUDE": -56.515723958333297 }, "geometry": { "type": "Point", "coordinates": [ -56.515723958333297, -20.979429375 ] } },
{ "type": "Feature", "properties": { "MUNICIPIO": "Bonito ", "RANK": 56, "FREQ": 46, "LATITUDE": -21.144278791304298, "LONGITUDE": -56.587956354347803 }, "geometry": { "type": "Point", "coordinates": [ -56.587956354347803, -21.144278791304298 ] } },
{ "type": "Feature", "properties": { "MUNICIPIO": "Bonito ", "RANK": 57, "FREQ": 46, "LATITUDE": -21.021337826086999, "LONGITUDE": -56.535133043478297 }, "geometry": { "type": "Point", "coordinates": [ -56.535133043478297, -21.021337826086999 ] } },
{ "type": "Feature", "properties": { "MUNICIPIO": "Bonito ", "RANK": 58, "FREQ": 44, "LATITUDE": -21.141536711363599, "LONGITUDE": -56.402060654545402 }, "geometry": { "type": "Point", "coordinates": [ -56.402060654545402, -21.141536711363599 ] } },
{ "type": "Feature", "properties": { "MUNICIPIO": "Bonito ", "RANK": 59, "FREQ": 44, "LATITUDE": -21.120975454545501, "LONGITUDE": -56.435832727272697 }, "geometry": { "type": "Point", "coordinates": [ -56.435832727272697, -21.120975454545501 ] } },
{ "type": "Feature", "properties": { "MUNICIPIO": "Bonito ", "RANK": 60, "FREQ": 44, "LATITUDE": -21.175149090909098, "LONGITUDE": -56.5048809090909 }, "geometry": { "type": "Point", "coordinates": [ -56.5048809090909, -21.175149090909098 ] } },
{ "type": "Feature", "properties": { "MUNICIPIO": "Bonito ", "RANK": 61, "FREQ": 44, "LATITUDE": -21.1356572727273, "LONGITUDE": -56.493897272727303 }, "geometry": { "type": "Point", "coordinates": [ -56.493897272727303, -21.1356572727273 ] } },
{ "type": "Feature", "properties": { "MUNICIPIO": "Bonito ", "RANK": 62, "FREQ": 43, "LATITUDE": -21.195139534883701, "LONGITUDE": -56.513101860465099 }, "geometry": { "type": "Point", "coordinates": [ -56.513101860465099, -21.195139534883701 ] } },
{ "type": "Feature", "properties": { "MUNICIPIO": "Bonito ", "RANK": 63, "FREQ": 42, "LATITUDE": -20.9411428571429, "LONGITUDE": -56.559004285714302 }, "geometry": { "type": "Point", "coordinates": [ -56.559004285714302, -20.9411428571429 ] } },
{ "type": "Feature", "properties": { "MUNICIPIO": "Bonito ", "RANK": 64, "FREQ": 40, "LATITUDE": -21.103636, "LONGITUDE": -56.511146 }, "geometry": { "type": "Point", "coordinates": [ -56.511146, -21.103636 ] } },
{ "type": "Feature", "properties": { "MUNICIPIO": "Bonito ", "RANK": 65, "FREQ": 40, "LATITUDE": -21.130678, "LONGITUDE": -56.47672 }, "geometry": { "type": "Point", "coordinates": [ -56.47672, -21.130678 ] } },
{ "type": "Feature", "properties": { "MUNICIPIO": "Bonito ", "RANK": 66, "FREQ": 40, "LATITUDE": -21.143064, "LONGITUDE": -56.498787 }, "geometry": { "type": "Point", "coordinates": [ -56.498787, -21.143064 ] } },
{ "type": "Feature", "properties": { "MUNICIPIO": "Bonito ", "RANK": 67, "FREQ": 40, "LATITUDE": -21.139021, "LONGITUDE": -56.496478 }, "geometry": { "type": "Point", "coordinates": [ -56.496478, -21.139021 ] } },
{ "type": "Feature", "properties": { "MUNICIPIO": "Bonito ", "RANK": 68, "FREQ": 40, "LATITUDE": -21.035938, "LONGITUDE": -56.535032 }, "geometry": { "type": "Point", "coordinates": [ -56.535032, -21.035938 ] } },
{ "type": "Feature", "properties": { "MUNICIPIO": "Bonito ", "RANK": 69, "FREQ": 40, "LATITUDE": -21.024338, "LONGITUDE": -56.535112 }, "geometry": { "type": "Point", "coordinates": [ -56.535112, -21.024338 ] } },
{ "type": "Feature", "properties": { "MUNICIPIO": "Bonito ", "RANK": 70, "FREQ": 40, "LATITUDE": -21.144412, "LONGITUDE": -56.474 }, "geometry": { "type": "Point", "coordinates": [ -56.474, -21.144412 ] } },
{ "type": "Feature", "properties": { "MUNICIPIO": "Bonito ", "RANK": 71, "FREQ": 38, "LATITUDE": -21.033640789473701, "LONGITUDE": -56.8526263157895 }, "geometry": { "type": "Point", "coordinates": [ -56.8526263157895, -21.033640789473701 ] } },
{ "type": "Feature", "properties": { "MUNICIPIO": "Bonito ", "RANK": 72, "FREQ": 37, "LATITUDE": -21.2263127027027, "LONGITUDE": -56.454049459459497 }, "geometry": { "type": "Point", "coordinates": [ -56.454049459459497, -21.2263127027027 ] } },
{ "type": "Feature", "properties": { "MUNICIPIO": "Bonito ", "RANK": 73, "FREQ": 37, "LATITUDE": -21.123475135135099, "LONGITUDE": -56.407276216216196 }, "geometry": { "type": "Point", "coordinates": [ -56.407276216216196, -21.123475135135099 ] } },
{ "type": "Feature", "properties": { "MUNICIPIO": "Bonito ", "RANK": 74, "FREQ": 37, "LATITUDE": -20.778832702702701, "LONGITUDE": -56.6220486486487 }, "geometry": { "type": "Point", "coordinates": [ -56.6220486486487, -20.778832702702701 ] } },
{ "type": "Feature", "properties": { "MUNICIPIO": "Bonito ", "RANK": 75, "FREQ": 36, "LATITUDE": -21.0895266666667, "LONGITUDE": -56.5425416666667 }, "geometry": { "type": "Point", "coordinates": [ -56.5425416666667, -21.0895266666667 ] } },
{ "type": "Feature", "properties": { "MUNICIPIO": "Bonito ", "RANK": 76, "FREQ": 36, "LATITUDE": -20.768395, "LONGITUDE": -56.6857527777778 }, "geometry": { "type": "Point", "coordinates": [ -56.6857527777778, -20.768395 ] } },
{ "type": "Feature", "properties": { "MUNICIPIO": "Bonito ", "RANK": 77, "FREQ": 36, "LATITUDE": -21.15893, "LONGITUDE": -56.465703333333302 }, "geometry": { "type": "Point", "coordinates": [ -56.465703333333302, -21.15893 ] } },
{ "type": "Feature", "properties": { "MUNICIPIO": "Bonito ", "RANK": 78, "FREQ": 36, "LATITUDE": -21.152618888888899, "LONGITUDE": -56.470435555555603 }, "geometry": { "type": "Point", "coordinates": [ -56.470435555555603, -21.152618888888899 ] } },
{ "type": "Feature", "properties": { "MUNICIPIO": "Bonito ", "RANK": 79, "FREQ": 36, "LATITUDE": -20.95693, "LONGITUDE": -56.5467783333333 }, "geometry": { "type": "Point", "coordinates": [ -56.5467783333333, -20.95693 ] } },
{ "type": "Feature", "properties": { "MUNICIPIO": "Bonito ", "RANK": 80, "FREQ": 36, "LATITUDE": -21.020810555555599, "LONGITUDE": -56.519879166666698 }, "geometry": { "type": "Point", "coordinates": [ -56.519879166666698, -21.020810555555599 ] } },
{ "type": "Feature", "properties": { "MUNICIPIO": "Bonito ", "RANK": 81, "FREQ": 35, "LATITUDE": -20.973254, "LONGITUDE": -56.54737 }, "geometry": { "type": "Point", "coordinates": [ -56.54737, -20.973254 ] } },
{ "type": "Feature", "properties": { "MUNICIPIO": "Bonito ", "RANK": 82, "FREQ": 34, "LATITUDE": -20.756446764705899, "LONGITUDE": -56.630041764705901 }, "geometry": { "type": "Point", "coordinates": [ -56.630041764705901, -20.756446764705899 ] } },
{ "type": "Feature", "properties": { "MUNICIPIO": "Bonito ", "RANK": 83, "FREQ": 33, "LATITUDE": -20.895356693939402, "LONGITUDE": -56.531843106060599 }, "geometry": { "type": "Point", "coordinates": [ -56.531843106060599, -20.895356693939402 ] } },
{ "type": "Feature", "properties": { "MUNICIPIO": "Bonito ", "RANK": 84, "FREQ": 33, "LATITUDE": -21.209143636363599, "LONGITUDE": -56.522300909090902 }, "geometry": { "type": "Point", "coordinates": [ -56.522300909090902, -21.209143636363599 ] } },
{ "type": "Feature", "properties": { "MUNICIPIO": "Bonito ", "RANK": 85, "FREQ": 32, "LATITUDE": -21.25625125, "LONGITUDE": -56.568495 }, "geometry": { "type": "Point", "coordinates": [ -56.568495, -21.25625125 ] } },
{ "type": "Feature", "properties": { "MUNICIPIO": "Bonito ", "RANK": 86, "FREQ": 32, "LATITUDE": -21.1292, "LONGITUDE": -56.47168125 }, "geometry": { "type": "Point", "coordinates": [ -56.47168125, -21.1292 ] } },
{ "type": "Feature", "properties": { "MUNICIPIO": "Bonito ", "RANK": 87, "FREQ": 32, "LATITUDE": -21.12825, "LONGITUDE": -56.48791 }, "geometry": { "type": "Point", "coordinates": [ -56.48791, -21.12825 ] } },
{ "type": "Feature", "properties": { "MUNICIPIO": "Bonito ", "RANK": 88, "FREQ": 32, "LATITUDE": -21.12772, "LONGITUDE": -56.48895 }, "geometry": { "type": "Point", "coordinates": [ -56.48895, -21.12772 ] } },
{ "type": "Feature", "properties": { "MUNICIPIO": "Bonito ", "RANK": 89, "FREQ": 32, "LATITUDE": -21.11839625, "LONGITUDE": -56.390059375 }, "geometry": { "type": "Point", "coordinates": [ -56.390059375, -21.11839625 ] } },
{ "type": "Feature", "properties": { "MUNICIPIO": "Bonito ", "RANK": 90, "FREQ": 32, "LATITUDE": -21.0762, "LONGITUDE": -56.5207 }, "geometry": { "type": "Point", "coordinates": [ -56.5207, -21.0762 ] } },
{ "type": "Feature", "properties": { "MUNICIPIO": "Bonito ", "RANK": 91, "FREQ": 32, "LATITUDE": -21.10059, "LONGITUDE": -56.51202 }, "geometry": { "type": "Point", "coordinates": [ -56.51202, -21.10059 ] } },
{ "type": "Feature", "properties": { "MUNICIPIO": "Bonito ", "RANK": 92, "FREQ": 30, "LATITUDE": -21.016906666666699, "LONGITUDE": -56.517762333333302 }, "geometry": { "type": "Point", "coordinates": [ -56.517762333333302, -21.016906666666699 ] } },
{ "type": "Feature", "properties": { "MUNICIPIO": "Bonito ", "RANK": 93, "FREQ": 30, "LATITUDE": -21.0029893333333, "LONGITUDE": -56.508307 }, "geometry": { "type": "Point", "coordinates": [ -56.508307, -21.0029893333333 ] } },
{ "type": "Feature", "properties": { "MUNICIPIO": "Bonito ", "RANK": 94, "FREQ": 29, "LATITUDE": -21.1766189655172, "LONGITUDE": -56.448899655172397 }, "geometry": { "type": "Point", "coordinates": [ -56.448899655172397, -21.1766189655172 ] } },
{ "type": "Feature", "properties": { "MUNICIPIO": "Bonito ", "RANK": 95, "FREQ": 28, "LATITUDE": -21.1205425, "LONGITUDE": -56.4009325 }, "geometry": { "type": "Point", "coordinates": [ -56.4009325, -21.1205425 ] } },
{ "type": "Feature", "properties": { "MUNICIPIO": "Bonito ", "RANK": 96, "FREQ": 28, "LATITUDE": -20.772840357142901, "LONGITUDE": -56.6761985714286 }, "geometry": { "type": "Point", "coordinates": [ -56.6761985714286, -20.772840357142901 ] } },
{ "type": "Feature", "properties": { "MUNICIPIO": "Bonito ", "RANK": 97, "FREQ": 28, "LATITUDE": -21.118221428571399, "LONGITUDE": -56.449538571428597 }, "geometry": { "type": "Point", "coordinates": [ -56.449538571428597, -21.118221428571399 ] } },
{ "type": "Feature", "properties": { "MUNICIPIO": "Bonito ", "RANK": 98, "FREQ": 28, "LATITUDE": -21.1486642857143, "LONGITUDE": -56.502128571428599 }, "geometry": { "type": "Point", "coordinates": [ -56.502128571428599, -21.1486642857143 ] } },
{ "type": "Feature", "properties": { "MUNICIPIO": "Bonito ", "RANK": 99, "FREQ": 28, "LATITUDE": -21.0783114285714, "LONGITUDE": -56.5805471428571 }, "geometry": { "type": "Point", "coordinates": [ -56.5805471428571, -21.0783114285714 ] } },
{ "type": "Feature", "properties": { "MUNICIPIO": "Bonito ", "RANK": 100, "FREQ": 27, "LATITUDE": -20.91038, "LONGITUDE": -56.58623 }, "geometry": { "type": "Point", "coordinates": [ -56.58623, -20.91038 ] } },
{ "type": "Feature", "properties": { "MUNICIPIO": "Campo Grande", "RANK": 1, "FREQ": 3004, "LATITUDE": -20.466232909687101, "LONGITUDE": -54.612588000299603 }, "geometry": { "type": "Point", "coordinates": [ -54.612588000299603, -20.466232909687101 ] } },
{ "type": "Feature", "properties": { "MUNICIPIO": "Campo Grande", "RANK": 2, "FREQ": 1608, "LATITUDE": -20.472383521890499, "LONGITUDE": -54.617657068656698 }, "geometry": { "type": "Point", "coordinates": [ -54.617657068656698, -20.472383521890499 ] } },
{ "type": "Feature", "properties": { "MUNICIPIO": "Campo Grande", "RANK": 3, "FREQ": 1580, "LATITUDE": -20.431719291139199, "LONGITUDE": -54.631556873417701 }, "geometry": { "type": "Point", "coordinates": [ -54.631556873417701, -20.431719291139199 ] } },
{ "type": "Feature", "properties": { "MUNICIPIO": "Campo Grande", "RANK": 4, "FREQ": 951, "LATITUDE": -20.466077949526799, "LONGITUDE": -54.543624921135603 }, "geometry": { "type": "Point", "coordinates": [ -54.543624921135603, -20.466077949526799 ] } },
{ "type": "Feature", "properties": { "MUNICIPIO": "Campo Grande", "RANK": 5, "FREQ": 903, "LATITUDE": -20.442985149501698, "LONGITUDE": -54.623105924695501 }, "geometry": { "type": "Point", "coordinates": [ -54.623105924695501, -20.442985149501698 ] } },
{ "type": "Feature", "properties": { "MUNICIPIO": "Campo Grande", "RANK": 6, "FREQ": 862, "LATITUDE": -20.4091399907193, "LONGITUDE": -54.619704391879402 }, "geometry": { "type": "Point", "coordinates": [ -54.619704391879402, -20.4091399907193 ] } },
{ "type": "Feature", "properties": { "MUNICIPIO": "Campo Grande", "RANK": 7, "FREQ": 727, "LATITUDE": -20.455803046492399, "LONGITUDE": -54.6213057165062 }, "geometry": { "type": "Point", "coordinates": [ -54.6213057165062, -20.455803046492399 ] } },
{ "type": "Feature", "properties": { "MUNICIPIO": "Campo Grande", "RANK": 8, "FREQ": 678, "LATITUDE": -20.465793224336299, "LONGITUDE": -54.639168701769897 }, "geometry": { "type": "Point", "coordinates": [ -54.639168701769897, -20.465793224336299 ] } },
{ "type": "Feature", "properties": { "MUNICIPIO": "Campo Grande", "RANK": 9, "FREQ": 459, "LATITUDE": -20.457140435729801, "LONGITUDE": -54.584119498910702 }, "geometry": { "type": "Point", "coordinates": [ -54.584119498910702, -20.457140435729801 ] } },
{ "type": "Feature", "properties": { "MUNICIPIO": "Campo Grande", "RANK": 10, "FREQ": 431, "LATITUDE": -20.455995127610201, "LONGITUDE": -54.673062041763302 }, "geometry": { "type": "Point", "coordinates": [ -54.673062041763302, -20.455995127610201 ] } },
{ "type": "Feature", "properties": { "MUNICIPIO": "Campo Grande", "RANK": 11, "FREQ": 382, "LATITUDE": -20.524692931937199, "LONGITUDE": -54.6576731413613 }, "geometry": { "type": "Point", "coordinates": [ -54.6576731413613, -20.524692931937199 ] } },
{ "type": "Feature", "properties": { "MUNICIPIO": "Campo Grande", "RANK": 12, "FREQ": 364, "LATITUDE": -20.388813279945101, "LONGITUDE": -54.613214392033001 }, "geometry": { "type": "Point", "coordinates": [ -54.613214392033001, -20.388813279945101 ] } },
{ "type": "Feature", "properties": { "MUNICIPIO": "Campo Grande", "RANK": 13, "FREQ": 308, "LATITUDE": -20.460337272727301, "LONGITUDE": -54.59571 }, "geometry": { "type": "Point", "coordinates": [ -54.59571, -20.460337272727301 ] } },
{ "type": "Feature", "properties": { "MUNICIPIO": "Campo Grande", "RANK": 14, "FREQ": 284, "LATITUDE": -20.453817695422501, "LONGITUDE": -54.6971119619718 }, "geometry": { "type": "Point", "coordinates": [ -54.6971119619718, -20.453817695422501 ] } },
{ "type": "Feature", "properties": { "MUNICIPIO": "Campo Grande", "RANK": 15, "FREQ": 272, "LATITUDE": -20.4766810294118, "LONGITUDE": -54.592312647058797 }, "geometry": { "type": "Point", "coordinates": [ -54.592312647058797, -20.4766810294118 ] } },
{ "type": "Feature", "properties": { "MUNICIPIO": "Campo Grande", "RANK": 16, "FREQ": 262, "LATITUDE": -20.447955916030502, "LONGITUDE": -54.564416183206099 }, "geometry": { "type": "Point", "coordinates": [ -54.564416183206099, -20.447955916030502 ] } },
{ "type": "Feature", "properties": { "MUNICIPIO": "Campo Grande", "RANK": 17, "FREQ": 257, "LATITUDE": -20.449228521400801, "LONGITUDE": -54.5778687548638 }, "geometry": { "type": "Point", "coordinates": [ -54.5778687548638, -20.449228521400801 ] } },
{ "type": "Feature", "properties": { "MUNICIPIO": "Campo Grande", "RANK": 18, "FREQ": 215, "LATITUDE": -20.401658372092999, "LONGITUDE": -54.565147023255797 }, "geometry": { "type": "Point", "coordinates": [ -54.565147023255797, -20.401658372092999 ] } },
{ "type": "Feature", "properties": { "MUNICIPIO": "Campo Grande", "RANK": 19, "FREQ": 192, "LATITUDE": -20.46751578125, "LONGITUDE": -54.57762625 }, "geometry": { "type": "Point", "coordinates": [ -54.57762625, -20.46751578125 ] } },
{ "type": "Feature", "properties": { "MUNICIPIO": "Campo Grande", "RANK": 20, "FREQ": 177, "LATITUDE": -20.472772881355901, "LONGITUDE": -54.602707457627098 }, "geometry": { "type": "Point", "coordinates": [ -54.602707457627098, -20.472772881355901 ] } },
{ "type": "Feature", "properties": { "MUNICIPIO": "Campo Grande", "RANK": 21, "FREQ": 164, "LATITUDE": -20.418368048780501, "LONGITUDE": -54.673725609756097 }, "geometry": { "type": "Point", "coordinates": [ -54.673725609756097, -20.418368048780501 ] } },
{ "type": "Feature", "properties": { "MUNICIPIO": "Campo Grande", "RANK": 22, "FREQ": 156, "LATITUDE": -20.460605961538501, "LONGITUDE": -54.6584644230769 }, "geometry": { "type": "Point", "coordinates": [ -54.6584644230769, -20.460605961538501 ] } },
{ "type": "Feature", "properties": { "MUNICIPIO": "Campo Grande", "RANK": 23, "FREQ": 140, "LATITUDE": -20.41065246, "LONGITUDE": -54.7287681114286 }, "geometry": { "type": "Point", "coordinates": [ -54.7287681114286, -20.41065246 ] } },
{ "type": "Feature", "properties": { "MUNICIPIO": "Campo Grande", "RANK": 24, "FREQ": 135, "LATITUDE": -20.2214642962963, "LONGITUDE": -54.587770148148202 }, "geometry": { "type": "Point", "coordinates": [ -54.587770148148202, -20.2214642962963 ] } },
{ "type": "Feature", "properties": { "MUNICIPIO": "Campo Grande", "RANK": 25, "FREQ": 131, "LATITUDE": -20.503723276335901, "LONGITUDE": -54.619528602290103 }, "geometry": { "type": "Point", "coordinates": [ -54.619528602290103, -20.503723276335901 ] } },
{ "type": "Feature", "properties": { "MUNICIPIO": "Campo Grande", "RANK": 26, "FREQ": 128, "LATITUDE": -20.415887734375001, "LONGITUDE": -54.690407265624998 }, "geometry": { "type": "Point", "coordinates": [ -54.690407265624998, -20.415887734375001 ] } },
{ "type": "Feature", "properties": { "MUNICIPIO": "Campo Grande", "RANK": 27, "FREQ": 126, "LATITUDE": -20.4931161111111, "LONGITUDE": -54.585618888888902 }, "geometry": { "type": "Point", "coordinates": [ -54.585618888888902, -20.4931161111111 ] } },
{ "type": "Feature", "properties": { "MUNICIPIO": "Campo Grande", "RANK": 28, "FREQ": 115, "LATITUDE": -20.424216521739101, "LONGITUDE": -54.6129950434783 }, "geometry": { "type": "Point", "coordinates": [ -54.6129950434783, -20.424216521739101 ] } },
{ "type": "Feature", "properties": { "MUNICIPIO": "Campo Grande", "RANK": 29, "FREQ": 108, "LATITUDE": -20.4767818518519, "LONGITUDE": -54.625866666666703 }, "geometry": { "type": "Point", "coordinates": [ -54.625866666666703, -20.4767818518519 ] } },
{ "type": "Feature", "properties": { "MUNICIPIO": "Campo Grande", "RANK": 30, "FREQ": 106, "LATITUDE": -20.493298113207601, "LONGITUDE": -54.636837169811301 }, "geometry": { "type": "Point", "coordinates": [ -54.636837169811301, -20.493298113207601 ] } },
{ "type": "Feature", "properties": { "MUNICIPIO": "Campo Grande", "RANK": 31, "FREQ": 104, "LATITUDE": -20.361120769230801, "LONGITUDE": -54.6034975 }, "geometry": { "type": "Point", "coordinates": [ -54.6034975, -20.361120769230801 ] } },
{ "type": "Feature", "properties": { "MUNICIPIO": "Campo Grande", "RANK": 32, "FREQ": 102, "LATITUDE": -20.414982549019602, "LONGITUDE": -54.647639215686297 }, "geometry": { "type": "Point", "coordinates": [ -54.647639215686297, -20.414982549019602 ] } },
{ "type": "Feature", "properties": { "MUNICIPIO": "Campo Grande", "RANK": 33, "FREQ": 95, "LATITUDE": -20.550428228421001, "LONGITUDE": -54.667663374736797 }, "geometry": { "type": "Point", "coordinates": [ -54.667663374736797, -20.550428228421001 ] } },
{ "type": "Feature", "properties": { "MUNICIPIO": "Campo Grande", "RANK": 34, "FREQ": 91, "LATITUDE": -20.411938021977999, "LONGITUDE": -54.596486043956098 }, "geometry": { "type": "Point", "coordinates": [ -54.596486043956098, -20.411938021977999 ] } },
{ "type": "Feature", "properties": { "MUNICIPIO": "Campo Grande", "RANK": 35, "FREQ": 90, "LATITUDE": -20.462404222222201, "LONGITUDE": -54.6081391111111 }, "geometry": { "type": "Point", "coordinates": [ -54.6081391111111, -20.462404222222201 ] } },
{ "type": "Feature", "properties": { "MUNICIPIO": "Campo Grande", "RANK": 36, "FREQ": 88, "LATITUDE": -20.420604090909102, "LONGITUDE": -54.660456363636399 }, "geometry": { "type": "Point", "coordinates": [ -54.660456363636399, -20.420604090909102 ] } },
{ "type": "Feature", "properties": { "MUNICIPIO": "Campo Grande", "RANK": 37, "FREQ": 84, "LATITUDE": -20.431060833333301, "LONGITUDE": -54.592352619047603 }, "geometry": { "type": "Point", "coordinates": [ -54.592352619047603, -20.431060833333301 ] } },
{ "type": "Feature", "properties": { "MUNICIPIO": "Campo Grande", "RANK": 38, "FREQ": 80, "LATITUDE": -20.46197, "LONGITUDE": -54.605294 }, "geometry": { "type": "Point", "coordinates": [ -54.605294, -20.46197 ] } },
{ "type": "Feature", "properties": { "MUNICIPIO": "Campo Grande", "RANK": 39, "FREQ": 80, "LATITUDE": -20.5026465, "LONGITUDE": -54.6404055 }, "geometry": { "type": "Point", "coordinates": [ -54.6404055, -20.5026465 ] } },
{ "type": "Feature", "properties": { "MUNICIPIO": "Campo Grande", "RANK": 40, "FREQ": 76, "LATITUDE": -20.429570921052601, "LONGITUDE": -54.579840263157898 }, "geometry": { "type": "Point", "coordinates": [ -54.579840263157898, -20.429570921052601 ] } },
{ "type": "Feature", "properties": { "MUNICIPIO": "Campo Grande", "RANK": 41, "FREQ": 70, "LATITUDE": -20.3774438571429, "LONGITUDE": -54.6076014285714 }, "geometry": { "type": "Point", "coordinates": [ -54.6076014285714, -20.3774438571429 ] } },
{ "type": "Feature", "properties": { "MUNICIPIO": "Campo Grande", "RANK": 42, "FREQ": 69, "LATITUDE": -20.475176521739101, "LONGITUDE": -54.598040434782597 }, "geometry": { "type": "Point", "coordinates": [ -54.598040434782597, -20.475176521739101 ] } },
{ "type": "Feature", "properties": { "MUNICIPIO": "Campo Grande", "RANK": 43, "FREQ": 67, "LATITUDE": -20.368958955223899, "LONGITUDE": -54.678809850746298 }, "geometry": { "type": "Point", "coordinates": [ -54.678809850746298, -20.368958955223899 ] } },
{ "type": "Feature", "properties": { "MUNICIPIO": "Campo Grande", "RANK": 44, "FREQ": 67, "LATITUDE": -20.461015923880598, "LONGITUDE": -54.619700944776099 }, "geometry": { "type": "Point", "coordinates": [ -54.619700944776099, -20.461015923880598 ] } },
{ "type": "Feature", "properties": { "MUNICIPIO": "Campo Grande", "RANK": 45, "FREQ": 66, "LATITUDE": -20.3593384848485, "LONGITUDE": -54.760557272727297 }, "geometry": { "type": "Point", "coordinates": [ -54.760557272727297, -20.3593384848485 ] } },
{ "type": "Feature", "properties": { "MUNICIPIO": "Campo Grande", "RANK": 46, "FREQ": 64, "LATITUDE": -20.49012, "LONGITUDE": -54.620391562499996 }, "geometry": { "type": "Point", "coordinates": [ -54.620391562499996, -20.49012 ] } },
{ "type": "Feature", "properties": { "MUNICIPIO": "Campo Grande", "RANK": 47, "FREQ": 60, "LATITUDE": -20.423421333333302, "LONGITUDE": -54.654837333333298 }, "geometry": { "type": "Point", "coordinates": [ -54.654837333333298, -20.423421333333302 ] } },
{ "type": "Feature", "properties": { "MUNICIPIO": "Campo Grande", "RANK": 48, "FREQ": 57, "LATITUDE": -20.468602105263201, "LONGITUDE": -54.515814736842103 }, "geometry": { "type": "Point", "coordinates": [ -54.515814736842103, -20.468602105263201 ] } },
{ "type": "Feature", "properties": { "MUNICIPIO": "Campo Grande", "RANK": 49, "FREQ": 56, "LATITUDE": -20.440070357142901, "LONGITUDE": -54.581299285714302 }, "geometry": { "type": "Point", "coordinates": [ -54.581299285714302, -20.440070357142901 ] } },
{ "type": "Feature", "properties": { "MUNICIPIO": "Campo Grande", "RANK": 50, "FREQ": 56, "LATITUDE": -20.520723571428601, "LONGITUDE": -54.5681573214286 }, "geometry": { "type": "Point", "coordinates": [ -54.5681573214286, -20.520723571428601 ] } },
{ "type": "Feature", "properties": { "MUNICIPIO": "Campo Grande", "RANK": 51, "FREQ": 56, "LATITUDE": -20.418563571428599, "LONGITUDE": -54.58062125 }, "geometry": { "type": "Point", "coordinates": [ -54.58062125, -20.418563571428599 ] } },
{ "type": "Feature", "properties": { "MUNICIPIO": "Campo Grande", "RANK": 52, "FREQ": 56, "LATITUDE": -20.46152, "LONGITUDE": -54.602595 }, "geometry": { "type": "Point", "coordinates": [ -54.602595, -20.46152 ] } },
{ "type": "Feature", "properties": { "MUNICIPIO": "Campo Grande", "RANK": 53, "FREQ": 54, "LATITUDE": -20.4699633333333, "LONGITUDE": -54.480601666666701 }, "geometry": { "type": "Point", "coordinates": [ -54.480601666666701, -20.4699633333333 ] } },
{ "type": "Feature", "properties": { "MUNICIPIO": "Campo Grande", "RANK": 54, "FREQ": 53, "LATITUDE": -20.443587854716998, "LONGITUDE": -54.619385762264102 }, "geometry": { "type": "Point", "coordinates": [ -54.619385762264102, -20.443587854716998 ] } },
{ "type": "Feature", "properties": { "MUNICIPIO": "Campo Grande", "RANK": 55, "FREQ": 46, "LATITUDE": -20.348278043478299, "LONGITUDE": -54.701591956521803 }, "geometry": { "type": "Point", "coordinates": [ -54.701591956521803, -20.348278043478299 ] } },
{ "type": "Feature", "properties": { "MUNICIPIO": "Campo Grande", "RANK": 56, "FREQ": 44, "LATITUDE": -20.470678181818201, "LONGITUDE": -54.572965 }, "geometry": { "type": "Point", "coordinates": [ -54.572965, -20.470678181818201 ] } },
{ "type": "Feature", "properties": { "MUNICIPIO": "Campo Grande", "RANK": 57, "FREQ": 44, "LATITUDE": -20.425649090909101, "LONGITUDE": -54.64632 }, "geometry": { "type": "Point", "coordinates": [ -54.64632, -20.425649090909101 ] } },
{ "type": "Feature", "properties": { "MUNICIPIO": "Campo Grande", "RANK": 58, "FREQ": 42, "LATITUDE": -20.361883333333299, "LONGITUDE": -54.687162380952401 }, "geometry": { "type": "Point", "coordinates": [ -54.687162380952401, -20.361883333333299 ] } },
{ "type": "Feature", "properties": { "MUNICIPIO": "Campo Grande", "RANK": 59, "FREQ": 40, "LATITUDE": -20.419412, "LONGITUDE": -54.667236 }, "geometry": { "type": "Point", "coordinates": [ -54.667236, -20.419412 ] } },
{ "type": "Feature", "properties": { "MUNICIPIO": "Campo Grande", "RANK": 60, "FREQ": 40, "LATITUDE": -20.459764, "LONGITUDE": -54.61649 }, "geometry": { "type": "Point", "coordinates": [ -54.61649, -20.459764 ] } },
{ "type": "Feature", "properties": { "MUNICIPIO": "Campo Grande", "RANK": 61, "FREQ": 40, "LATITUDE": -20.3061935, "LONGITUDE": -54.7855355 }, "geometry": { "type": "Point", "coordinates": [ -54.7855355, -20.3061935 ] } },
{ "type": "Feature", "properties": { "MUNICIPIO": "Campo Grande", "RANK": 62, "FREQ": 40, "LATITUDE": -20.4827845, "LONGITUDE": -54.628273 }, "geometry": { "type": "Point", "coordinates": [ -54.628273, -20.4827845 ] } },
{ "type": "Feature", "properties": { "MUNICIPIO": "Campo Grande", "RANK": 63, "FREQ": 38, "LATITUDE": -20.4007863157895, "LONGITUDE": -54.660686842105299 }, "geometry": { "type": "Point", "coordinates": [ -54.660686842105299, -20.4007863157895 ] } },
{ "type": "Feature", "properties": { "MUNICIPIO": "Campo Grande", "RANK": 64, "FREQ": 36, "LATITUDE": -20.419823333333301, "LONGITUDE": -54.66439 }, "geometry": { "type": "Point", "coordinates": [ -54.66439, -20.419823333333301 ] } },
{ "type": "Feature", "properties": { "MUNICIPIO": "Campo Grande", "RANK": 65, "FREQ": 36, "LATITUDE": -20.4646266666667, "LONGITUDE": -54.5664083333333 }, "geometry": { "type": "Point", "coordinates": [ -54.5664083333333, -20.4646266666667 ] } },
{ "type": "Feature", "properties": { "MUNICIPIO": "Campo Grande", "RANK": 66, "FREQ": 36, "LATITUDE": -20.3701188888889, "LONGITUDE": -54.766912777777797 }, "geometry": { "type": "Point", "coordinates": [ -54.766912777777797, -20.3701188888889 ] } },
{ "type": "Feature", "properties": { "MUNICIPIO": "Campo Grande", "RANK": 67, "FREQ": 35, "LATITUDE": -20.470765428571401, "LONGITUDE": -54.476178285714298 }, "geometry": { "type": "Point", "coordinates": [ -54.476178285714298, -20.470765428571401 ] } },
{ "type": "Feature", "properties": { "MUNICIPIO": "Campo Grande", "RANK": 68, "FREQ": 34, "LATITUDE": -20.462555588235301, "LONGITUDE": -54.713868823529403 }, "geometry": { "type": "Point", "coordinates": [ -54.713868823529403, -20.462555588235301 ] } },
{ "type": "Feature", "properties": { "MUNICIPIO": "Campo Grande", "RANK": 69, "FREQ": 34, "LATITUDE": -20.393493529411799, "LONGITUDE": -54.660778823529398 }, "geometry": { "type": "Point", "coordinates": [ -54.660778823529398, -20.393493529411799 ] } },
{ "type": "Feature", "properties": { "MUNICIPIO": "Campo Grande", "RANK": 70, "FREQ": 33, "LATITUDE": -20.4548466666667, "LONGITUDE": -54.686082121212102 }, "geometry": { "type": "Point", "coordinates": [ -54.686082121212102, -20.4548466666667 ] } },
{ "type": "Feature", "properties": { "MUNICIPIO": "Campo Grande", "RANK": 71, "FREQ": 33, "LATITUDE": -20.4687290909091, "LONGITUDE": -54.512404545454501 }, "geometry": { "type": "Point", "coordinates": [ -54.512404545454501, -20.4687290909091 ] } },
{ "type": "Feature", "properties": { "MUNICIPIO": "Campo Grande", "RANK": 72, "FREQ": 33, "LATITUDE": -20.469766363636399, "LONGITUDE": -54.485679090909102 }, "geometry": { "type": "Point", "coordinates": [ -54.485679090909102, -20.469766363636399 ] } },
{ "type": "Feature", "properties": { "MUNICIPIO": "Campo Grande", "RANK": 73, "FREQ": 33, "LATITUDE": -20.368965454545499, "LONGITUDE": -54.605341818181799 }, "geometry": { "type": "Point", "coordinates": [ -54.605341818181799, -20.368965454545499 ] } },
{ "type": "Feature", "properties": { "MUNICIPIO": "Campo Grande", "RANK": 74, "FREQ": 32, "LATITUDE": -20.530420312499999, "LONGITUDE": -54.625055312500002 }, "geometry": { "type": "Point", "coordinates": [ -54.625055312500002, -20.530420312499999 ] } },
{ "type": "Feature", "properties": { "MUNICIPIO": "Campo Grande", "RANK": 75, "FREQ": 32, "LATITUDE": -20.48361875, "LONGITUDE": -54.6227025 }, "geometry": { "type": "Point", "coordinates": [ -54.6227025, -20.48361875 ] } },
{ "type": "Feature", "properties": { "MUNICIPIO": "Campo Grande", "RANK": 76, "FREQ": 32, "LATITUDE": -20.45907, "LONGITUDE": -54.62008 }, "geometry": { "type": "Point", "coordinates": [ -54.62008, -20.45907 ] } },
{ "type": "Feature", "properties": { "MUNICIPIO": "Campo Grande", "RANK": 77, "FREQ": 32, "LATITUDE": -20.462478278125001, "LONGITUDE": -54.631431696874998 }, "geometry": { "type": "Point", "coordinates": [ -54.631431696874998, -20.462478278125001 ] } },
{ "type": "Feature", "properties": { "MUNICIPIO": "Campo Grande", "RANK": 78, "FREQ": 32, "LATITUDE": -20.377725625, "LONGITUDE": -54.7628475 }, "geometry": { "type": "Point", "coordinates": [ -54.7628475, -20.377725625 ] } },
{ "type": "Feature", "properties": { "MUNICIPIO": "Campo Grande", "RANK": 79, "FREQ": 32, "LATITUDE": -20.48550125, "LONGITUDE": -54.631885 }, "geometry": { "type": "Point", "coordinates": [ -54.631885, -20.48550125 ] } },
{ "type": "Feature", "properties": { "MUNICIPIO": "Campo Grande", "RANK": 80, "FREQ": 31, "LATITUDE": -20.355434838709701, "LONGITUDE": -54.693026129032297 }, "geometry": { "type": "Point", "coordinates": [ -54.693026129032297, -20.355434838709701 ] } },
{ "type": "Feature", "properties": { "MUNICIPIO": "Campo Grande", "RANK": 81, "FREQ": 30, "LATITUDE": -20.377356666666699, "LONGITUDE": -54.770396666666699 }, "geometry": { "type": "Point", "coordinates": [ -54.770396666666699, -20.377356666666699 ] } },
{ "type": "Feature", "properties": { "MUNICIPIO": "Campo Grande", "RANK": 82, "FREQ": 30, "LATITUDE": -20.373538, "LONGITUDE": -54.772133333333301 }, "geometry": { "type": "Point", "coordinates": [ -54.772133333333301, -20.373538 ] } },
{ "type": "Feature", "properties": { "MUNICIPIO": "Campo Grande", "RANK": 83, "FREQ": 30, "LATITUDE": -20.469862, "LONGITUDE": -54.727260333333298 }, "geometry": { "type": "Point", "coordinates": [ -54.727260333333298, -20.469862 ] } },
{ "type": "Feature", "properties": { "MUNICIPIO": "Campo Grande", "RANK": 84, "FREQ": 30, "LATITUDE": -20.46521, "LONGITUDE": -54.61547 }, "geometry": { "type": "Point", "coordinates": [ -54.61547, -20.46521 ] } },
{ "type": "Feature", "properties": { "MUNICIPIO": "Campo Grande", "RANK": 85, "FREQ": 29, "LATITUDE": -20.477865765517201, "LONGITUDE": -54.7498365068965 }, "geometry": { "type": "Point", "coordinates": [ -54.7498365068965, -20.477865765517201 ] } },
{ "type": "Feature", "properties": { "MUNICIPIO": "Campo Grande", "RANK": 86, "FREQ": 28, "LATITUDE": -20.381340060714301, "LONGITUDE": -54.539976071428597 }, "geometry": { "type": "Point", "coordinates": [ -54.539976071428597, -20.381340060714301 ] } },
{ "type": "Feature", "properties": { "MUNICIPIO": "Campo Grande", "RANK": 87, "FREQ": 28, "LATITUDE": -20.417192857142901, "LONGITUDE": -54.681948571428599 }, "geometry": { "type": "Point", "coordinates": [ -54.681948571428599, -20.417192857142901 ] } },
{ "type": "Feature", "properties": { "MUNICIPIO": "Campo Grande", "RANK": 88, "FREQ": 27, "LATITUDE": -20.314759259259301, "LONGITUDE": -54.564775185185198 }, "geometry": { "type": "Point", "coordinates": [ -54.564775185185198, -20.314759259259301 ] } },
{ "type": "Feature", "properties": { "MUNICIPIO": "Campo Grande", "RANK": 89, "FREQ": 26, "LATITUDE": -20.4931846153846, "LONGITUDE": -54.620064615384599 }, "geometry": { "type": "Point", "coordinates": [ -54.620064615384599, -20.4931846153846 ] } },
{ "type": "Feature", "properties": { "MUNICIPIO": "Campo Grande", "RANK": 90, "FREQ": 26, "LATITUDE": -20.364446153846199, "LONGITUDE": -54.763616923076903 }, "geometry": { "type": "Point", "coordinates": [ -54.763616923076903, -20.364446153846199 ] } },
{ "type": "Feature", "properties": { "MUNICIPIO": "Campo Grande", "RANK": 91, "FREQ": 26, "LATITUDE": -20.514298846153899, "LONGITUDE": -54.574366153846199 }, "geometry": { "type": "Point", "coordinates": [ -54.574366153846199, -20.514298846153899 ] } },
{ "type": "Feature", "properties": { "MUNICIPIO": "Campo Grande", "RANK": 92, "FREQ": 26, "LATITUDE": -20.555377692307701, "LONGITUDE": -54.672616923076902 }, "geometry": { "type": "Point", "coordinates": [ -54.672616923076902, -20.555377692307701 ] } },
{ "type": "Feature", "properties": { "MUNICIPIO": "Campo Grande", "RANK": 93, "FREQ": 26, "LATITUDE": -20.477974865384599, "LONGITUDE": -54.585952688461497 }, "geometry": { "type": "Point", "coordinates": [ -54.585952688461497, -20.477974865384599 ] } },
{ "type": "Feature", "properties": { "MUNICIPIO": "Campo Grande", "RANK": 94, "FREQ": 26, "LATITUDE": -20.516643076923099, "LONGITUDE": -54.626415769230803 }, "geometry": { "type": "Point", "coordinates": [ -54.626415769230803, -20.516643076923099 ] } },
{ "type": "Feature", "properties": { "MUNICIPIO": "Campo Grande", "RANK": 95, "FREQ": 25, "LATITUDE": -20.450700956, "LONGITUDE": -54.618606131999996 }, "geometry": { "type": "Point", "coordinates": [ -54.618606132, -20.450700956 ] } },
{ "type": "Feature", "properties": { "MUNICIPIO": "Campo Grande", "RANK": 96, "FREQ": 25, "LATITUDE": -20.3001, "LONGITUDE": -54.5446744 }, "geometry": { "type": "Point", "coordinates": [ -54.5446744, -20.3001 ] } },
{ "type": "Feature", "properties": { "MUNICIPIO": "Campo Grande", "RANK": 97, "FREQ": 24, "LATITUDE": -20.448131666666701, "LONGITUDE": -54.618666666666698 }, "geometry": { "type": "Point", "coordinates": [ -54.618666666666698, -20.448131666666701 ] } },
{ "type": "Feature", "properties": { "MUNICIPIO": "Campo Grande", "RANK": 98, "FREQ": 24, "LATITUDE": -20.335205, "LONGITUDE": -54.556373333333298 }, "geometry": { "type": "Point", "coordinates": [ -54.556373333333298, -20.335205 ] } },
{ "type": "Feature", "properties": { "MUNICIPIO": "Campo Grande", "RANK": 99, "FREQ": 24, "LATITUDE": -20.43812, "LONGITUDE": -54.62588 }, "geometry": { "type": "Point", "coordinates": [ -54.62588, -20.43812 ] } },
{ "type": "Feature", "properties": { "MUNICIPIO": "Campo Grande", "RANK": 100, "FREQ": 24, "LATITUDE": -20.42532, "LONGITUDE": -54.65144 }, "geometry": { "type": "Point", "coordinates": [ -54.65144, -20.42532 ] } },
{ "type": "Feature", "properties": { "MUNICIPIO": "Campo grande", "RANK": 1, "FREQ": 213, "LATITUDE": -20.465707089201899, "LONGITUDE": -54.639767323943701 }, "geometry": { "type": "Point", "coordinates": [ -54.639767323943701, -20.465707089201899 ] } },
{ "type": "Feature", "properties": { "MUNICIPIO": "Campo grande", "RANK": 2, "FREQ": 52, "LATITUDE": -20.460605961538501, "LONGITUDE": -54.6584644230769 }, "geometry": { "type": "Point", "coordinates": [ -54.6584644230769, -20.460605961538501 ] } },
{ "type": "Feature", "properties": { "MUNICIPIO": "Campo grande", "RANK": 3, "FREQ": 47, "LATITUDE": -20.4570702170213, "LONGITUDE": -54.6663924510638 }, "geometry": { "type": "Point", "coordinates": [ -54.6663924510638, -20.4570702170213 ] } },
{ "type": "Feature", "properties": { "MUNICIPIO": "Campo grande", "RANK": 4, "FREQ": 42, "LATITUDE": -20.4678095238095, "LONGITUDE": -54.620563809523802 }, "geometry": { "type": "Point", "coordinates": [ -54.620563809523802, -20.4678095238095 ] } },
{ "type": "Feature", "properties": { "MUNICIPIO": "Campo grande", "RANK": 5, "FREQ": 25, "LATITUDE": -20.472246744, "LONGITUDE": -54.617623088000002 }, "geometry": { "type": "Point", "coordinates": [ -54.617623088, -20.472246744 ] } },
{ "type": "Feature", "properties": { "MUNICIPIO": "Campo grande", "RANK": 6, "FREQ": 4, "LATITUDE": -20.46786, "LONGITUDE": -54.626165 }, "geometry": { "type": "Point", "coordinates": [ -54.626165, -20.46786 ] } },
{ "type": "Feature", "properties": { "MUNICIPIO": "Capanema", "RANK": 1, "FREQ": 570, "LATITUDE": -25.6178288759649, "LONGITUDE": -53.790094741754402 }, "geometry": { "type": "Point", "coordinates": [ -53.790094741754402, -25.6178288759649 ] } },
{ "type": "Feature", "properties": { "MUNICIPIO": "Capanema", "RANK": 2, "FREQ": 209, "LATITUDE": -25.672125723444999, "LONGITUDE": -53.8070883157895 }, "geometry": { "type": "Point", "coordinates": [ -53.8070883157895, -25.672125723444999 ] } },
{ "type": "Feature", "properties": { "MUNICIPIO": "Capanema", "RANK": 3, "FREQ": 138, "LATITUDE": -25.6474397826087, "LONGITUDE": -53.803228695652201 }, "geometry": { "type": "Point", "coordinates": [ -53.803228695652201, -25.6474397826087 ] } },
{ "type": "Feature", "properties": { "MUNICIPIO": "Capanema", "RANK": 4, "FREQ": 100, "LATITUDE": -25.6676895, "LONGITUDE": -53.8089805 }, "geometry": { "type": "Point", "coordinates": [ -53.8089805, -25.6676895 ] } },
{ "type": "Feature", "properties": { "MUNICIPIO": "Capanema", "RANK": 5, "FREQ": 95, "LATITUDE": -25.670385448421001, "LONGITUDE": -53.808429681052601 }, "geometry": { "type": "Point", "coordinates": [ -53.808429681052601, -25.670385448421001 ] } },
{ "type": "Feature", "properties": { "MUNICIPIO": "Capanema", "RANK": 6, "FREQ": 83, "LATITUDE": -25.585162650602399, "LONGITUDE": -53.753606144578299 }, "geometry": { "type": "Point", "coordinates": [ -53.753606144578299, -25.585162650602399 ] } },
{ "type": "Feature", "properties": { "MUNICIPIO": "Capanema", "RANK": 7, "FREQ": 74, "LATITUDE": -25.606179054054099, "LONGITUDE": -53.873599054054097 }, "geometry": { "type": "Point", "coordinates": [ -53.873599054054097, -25.606179054054099 ] } },
{ "type": "Feature", "properties": { "MUNICIPIO": "Capanema", "RANK": 8, "FREQ": 71, "LATITUDE": -25.600300422535199, "LONGITUDE": -53.755467183098602 }, "geometry": { "type": "Point", "coordinates": [ -53.755467183098602, -25.600300422535199 ] } },
{ "type": "Feature", "properties": { "MUNICIPIO": "Capanema", "RANK": 9, "FREQ": 62, "LATITUDE": -25.630837741935501, "LONGITUDE": -53.852409354838699 }, "geometry": { "type": "Point", "coordinates": [ -53.852409354838699, -25.630837741935501 ] } },
{ "type": "Feature", "properties": { "MUNICIPIO": "Capanema", "RANK": 10, "FREQ": 53, "LATITUDE": -25.593913550943402, "LONGITUDE": -53.911953932075498 }, "geometry": { "type": "Point", "coordinates": [ -53.911953932075498, -25.593913550943402 ] } },
{ "type": "Feature", "properties": { "MUNICIPIO": "Capanema", "RANK": 11, "FREQ": 51, "LATITUDE": -25.663344509803899, "LONGITUDE": -53.807732156862699 }, "geometry": { "type": "Point", "coordinates": [ -53.807732156862699, -25.663344509803899 ] } },
{ "type": "Feature", "properties": { "MUNICIPIO": "Capanema", "RANK": 12, "FREQ": 48, "LATITUDE": -25.65334, "LONGITUDE": -53.804603125 }, "geometry": { "type": "Point", "coordinates": [ -53.804603125, -25.65334 ] } },
{ "type": "Feature", "properties": { "MUNICIPIO": "Capanema", "RANK": 13, "FREQ": 46, "LATITUDE": -25.658987826086999, "LONGITUDE": -53.824080869565201 }, "geometry": { "type": "Point", "coordinates": [ -53.824080869565201, -25.658987826086999 ] } },
{ "type": "Feature", "properties": { "MUNICIPIO": "Capanema", "RANK": 14, "FREQ": 44, "LATITUDE": -25.616418636363601, "LONGITUDE": -53.873907272727301 }, "geometry": { "type": "Point", "coordinates": [ -53.873907272727301, -25.616418636363601 ] } },
{ "type": "Feature", "properties": { "MUNICIPIO": "Capanema", "RANK": 15, "FREQ": 40, "LATITUDE": -25.6654375, "LONGITUDE": -53.80836 }, "geometry": { "type": "Point", "coordinates": [ -53.80836, -25.6654375 ] } },
{ "type": "Feature", "properties": { "MUNICIPIO": "Capanema", "RANK": 16, "FREQ": 37, "LATITUDE": -25.586457491891899, "LONGITUDE": -53.870769659459498 }, "geometry": { "type": "Point", "coordinates": [ -53.870769659459498, -25.586457491891899 ] } },
{ "type": "Feature", "properties": { "MUNICIPIO": "Capanema", "RANK": 17, "FREQ": 36, "LATITUDE": -25.658886666666699, "LONGITUDE": -53.806355 }, "geometry": { "type": "Point", "coordinates": [ -53.806355, -25.658886666666699 ] } },
{ "type": "Feature", "properties": { "MUNICIPIO": "Capanema", "RANK": 18, "FREQ": 35, "LATITUDE": -25.602629428571401, "LONGITUDE": -53.911222 }, "geometry": { "type": "Point", "coordinates": [ -53.911222, -25.602629428571401 ] } },
{ "type": "Feature", "properties": { "MUNICIPIO": "Capanema", "RANK": 19, "FREQ": 30, "LATITUDE": -25.669636, "LONGITUDE": -53.793027666666703 }, "geometry": { "type": "Point", "coordinates": [ -53.793027666666703, -25.669636 ] } },
{ "type": "Feature", "properties": { "MUNICIPIO": "Capanema", "RANK": 20, "FREQ": 28, "LATITUDE": -25.650484285714299, "LONGITUDE": -53.835771428571398 }, "geometry": { "type": "Point", "coordinates": [ -53.835771428571398, -25.650484285714299 ] } },
{ "type": "Feature", "properties": { "MUNICIPIO": "Capanema", "RANK": 21, "FREQ": 28, "LATITUDE": -25.657469285714299, "LONGITUDE": -53.831318571428604 }, "geometry": { "type": "Point", "coordinates": [ -53.831318571428604, -25.657469285714299 ] } },
{ "type": "Feature", "properties": { "MUNICIPIO": "Capanema", "RANK": 22, "FREQ": 28, "LATITUDE": -25.6415135714286, "LONGITUDE": -53.84283 }, "geometry": { "type": "Point", "coordinates": [ -53.84283, -25.6415135714286 ] } },
{ "type": "Feature", "properties": { "MUNICIPIO": "Capanema", "RANK": 23, "FREQ": 18, "LATITUDE": -25.6269788888889, "LONGITUDE": -53.859363333333299 }, "geometry": { "type": "Point", "coordinates": [ -53.859363333333299, -25.6269788888889 ] } },
{ "type": "Feature", "properties": { "MUNICIPIO": "Capanema", "RANK": 24, "FREQ": 16, "LATITUDE": -25.663190625, "LONGITUDE": -53.791309374999997 }, "geometry": { "type": "Point", "coordinates": [ -53.791309375, -25.663190625 ] } },
{ "type": "Feature", "properties": { "MUNICIPIO": "Capanema", "RANK": 25, "FREQ": 16, "LATITUDE": -25.6212925, "LONGITUDE": -53.86797625 }, "geometry": { "type": "Point", "coordinates": [ -53.86797625, -25.6212925 ] } },
{ "type": "Feature", "properties": { "MUNICIPIO": "Capanema", "RANK": 26, "FREQ": 16, "LATITUDE": -25.607890625, "LONGITUDE": -53.906655625 }, "geometry": { "type": "Point", "coordinates": [ -53.906655625, -25.607890625 ] } },
{ "type": "Feature", "properties": { "MUNICIPIO": "Capanema", "RANK": 27, "FREQ": 14, "LATITUDE": -25.59062, "LONGITUDE": -53.872693571428599 }, "geometry": { "type": "Point", "coordinates": [ -53.872693571428599, -25.59062 ] } },
{ "type": "Feature", "properties": { "MUNICIPIO": "Capanema", "RANK": 28, "FREQ": 13, "LATITUDE": -25.594923076923099, "LONGITUDE": -53.872857692307697 }, "geometry": { "type": "Point", "coordinates": [ -53.872857692307697, -25.594923076923099 ] } },
{ "type": "Feature", "properties": { "MUNICIPIO": "Capanema", "RANK": 29, "FREQ": 12, "LATITUDE": -25.6625716666667, "LONGITUDE": -53.8138583333333 }, "geometry": { "type": "Point", "coordinates": [ -53.8138583333333, -25.6625716666667 ] } },
{ "type": "Feature", "properties": { "MUNICIPIO": "Capanema", "RANK": 30, "FREQ": 11, "LATITUDE": -25.610199090909099, "LONGITUDE": -53.889421818181802 }, "geometry": { "type": "Point", "coordinates": [ -53.889421818181802, -25.610199090909099 ] } },
{ "type": "Feature", "properties": { "MUNICIPIO": "Capanema", "RANK": 31, "FREQ": 10, "LATITUDE": -25.663672, "LONGITUDE": -53.81002 }, "geometry": { "type": "Point", "coordinates": [ -53.81002, -25.663672 ] } },
{ "type": "Feature", "properties": { "MUNICIPIO": "Capanema", "RANK": 32, "FREQ": 10, "LATITUDE": -25.637644, "LONGITUDE": -53.846996 }, "geometry": { "type": "Point", "coordinates": [ -53.846996, -25.637644 ] } },
{ "type": "Feature", "properties": { "MUNICIPIO": "Capanema", "RANK": 33, "FREQ": 8, "LATITUDE": -25.65879, "LONGITUDE": -53.828275 }, "geometry": { "type": "Point", "coordinates": [ -53.828275, -25.65879 ] } },
{ "type": "Feature", "properties": { "MUNICIPIO": "Capanema", "RANK": 34, "FREQ": 8, "LATITUDE": -25.61237, "LONGITUDE": -53.880255 }, "geometry": { "type": "Point", "coordinates": [ -53.880255, -25.61237 ] } },
{ "type": "Feature", "properties": { "MUNICIPIO": "Capanema", "RANK": 35, "FREQ": 6, "LATITUDE": -25.646266666666701, "LONGITUDE": -53.839083333333299 }, "geometry": { "type": "Point", "coordinates": [ -53.839083333333299, -25.646266666666701 ] } },
{ "type": "Feature", "properties": { "MUNICIPIO": "Capanema", "RANK": 36, "FREQ": 6, "LATITUDE": -25.65599, "LONGITUDE": -53.80549 }, "geometry": { "type": "Point", "coordinates": [ -53.80549, -25.65599 ] } },
{ "type": "Feature", "properties": { "MUNICIPIO": "Capanema", "RANK": 37, "FREQ": 6, "LATITUDE": -25.5990683333333, "LONGITUDE": -53.869545 }, "geometry": { "type": "Point", "coordinates": [ -53.869545, -25.5990683333333 ] } },
{ "type": "Feature", "properties": { "MUNICIPIO": "Capanema", "RANK": 38, "FREQ": 6, "LATITUDE": -25.66156, "LONGITUDE": -53.80719 }, "geometry": { "type": "Point", "coordinates": [ -53.80719, -25.66156 ] } },
{ "type": "Feature", "properties": { "MUNICIPIO": "Capanema", "RANK": 39, "FREQ": 6, "LATITUDE": -25.628023333333299, "LONGITUDE": -53.85684 }, "geometry": { "type": "Point", "coordinates": [ -53.85684, -25.628023333333299 ] } },
{ "type": "Feature", "properties": { "MUNICIPIO": "Capanema", "RANK": 40, "FREQ": 6, "LATITUDE": -25.608871666666701, "LONGITUDE": -53.901935 }, "geometry": { "type": "Point", "coordinates": [ -53.901935, -25.608871666666701 ] } },
{ "type": "Feature", "properties": { "MUNICIPIO": "Capanema", "RANK": 41, "FREQ": 6, "LATITUDE": -25.62288, "LONGITUDE": -53.8657033333333 }, "geometry": { "type": "Point", "coordinates": [ -53.8657033333333, -25.62288 ] } },
{ "type": "Feature", "properties": { "MUNICIPIO": "Capanema", "RANK": 42, "FREQ": 5, "LATITUDE": -25.609416, "LONGITUDE": -53.897568 }, "geometry": { "type": "Point", "coordinates": [ -53.897568, -25.609416 ] } },
{ "type": "Feature", "properties": { "MUNICIPIO": "Capanema", "RANK": 43, "FREQ": 4, "LATITUDE": -25.6695, "LONGITUDE": -53.79712 }, "geometry": { "type": "Point", "coordinates": [ -53.79712, -25.6695 ] } },
{ "type": "Feature", "properties": { "MUNICIPIO": "Capanema", "RANK": 44, "FREQ": 4, "LATITUDE": -25.66906, "LONGITUDE": -53.79896 }, "geometry": { "type": "Point", "coordinates": [ -53.79896, -25.66906 ] } },
{ "type": "Feature", "properties": { "MUNICIPIO": "Capanema", "RANK": 45, "FREQ": 4, "LATITUDE": -25.66866, "LONGITUDE": -53.8006 }, "geometry": { "type": "Point", "coordinates": [ -53.8006, -25.66866 ] } },
{ "type": "Feature", "properties": { "MUNICIPIO": "Capanema", "RANK": 46, "FREQ": 4, "LATITUDE": -25.67214, "LONGITUDE": -53.801745 }, "geometry": { "type": "Point", "coordinates": [ -53.801745, -25.67214 ] } },
{ "type": "Feature", "properties": { "MUNICIPIO": "Capanema", "RANK": 47, "FREQ": 4, "LATITUDE": -25.61389, "LONGITUDE": -53.87777 }, "geometry": { "type": "Point", "coordinates": [ -53.87777, -25.61389 ] } },
{ "type": "Feature", "properties": { "MUNICIPIO": "Capanema", "RANK": 48, "FREQ": 4, "LATITUDE": -25.6133, "LONGITUDE": -53.87878 }, "geometry": { "type": "Point", "coordinates": [ -53.87878, -25.6133 ] } },
{ "type": "Feature", "properties": { "MUNICIPIO": "Capanema", "RANK": 49, "FREQ": 4, "LATITUDE": -25.66315, "LONGITUDE": -53.81199 }, "geometry": { "type": "Point", "coordinates": [ -53.81199, -25.66315 ] } },
{ "type": "Feature", "properties": { "MUNICIPIO": "Capanema", "RANK": 50, "FREQ": 4, "LATITUDE": -25.61123, "LONGITUDE": -53.8825575 }, "geometry": { "type": "Point", "coordinates": [ -53.8825575, -25.61123 ] } },
{ "type": "Feature", "properties": { "MUNICIPIO": "Capanema", "RANK": 51, "FREQ": 3, "LATITUDE": -25.6598440666667, "LONGITUDE": -53.790905166666697 }, "geometry": { "type": "Point", "coordinates": [ -53.790905166666697, -25.6598440666667 ] } },
{ "type": "Feature", "properties": { "MUNICIPIO": "Capanema", "RANK": 52, "FREQ": 3, "LATITUDE": -25.6095966666667, "LONGITUDE": -53.895703333333302 }, "geometry": { "type": "Point", "coordinates": [ -53.895703333333302, -25.6095966666667 ] } },
{ "type": "Feature", "properties": { "MUNICIPIO": "Capanema", "RANK": 53, "FREQ": 3, "LATITUDE": -25.609186666666702, "LONGITUDE": -53.89949 }, "geometry": { "type": "Point", "coordinates": [ -53.89949, -25.609186666666702 ] } },
{ "type": "Feature", "properties": { "MUNICIPIO": "Capanema", "RANK": 54, "FREQ": 3, "LATITUDE": -25.588373333333301, "LONGITUDE": -53.871526666666703 }, "geometry": { "type": "Point", "coordinates": [ -53.871526666666703, -25.588373333333301 ] } },
{ "type": "Feature", "properties": { "MUNICIPIO": "Capanema", "RANK": 55, "FREQ": 2, "LATITUDE": -25.6368, "LONGITUDE": -53.84781 }, "geometry": { "type": "Point", "coordinates": [ -53.84781, -25.6368 ] } },
{ "type": "Feature", "properties": { "MUNICIPIO": "Capanema", "RANK": 56, "FREQ": 2, "LATITUDE": -25.63573, "LONGITUDE": -53.84888 }, "geometry": { "type": "Point", "coordinates": [ -53.84888, -25.63573 ] } },
{ "type": "Feature", "properties": { "MUNICIPIO": "Capanema", "RANK": 57, "FREQ": 2, "LATITUDE": -25.66989, "LONGITUDE": -53.80103 }, "geometry": { "type": "Point", "coordinates": [ -53.80103, -25.66989 ] } },
{ "type": "Feature", "properties": { "MUNICIPIO": "Capanema", "RANK": 58, "FREQ": 2, "LATITUDE": -25.67107, "LONGITUDE": -53.8014 }, "geometry": { "type": "Point", "coordinates": [ -53.8014, -25.67107 ] } },
{ "type": "Feature", "properties": { "MUNICIPIO": "Capanema", "RANK": 59, "FREQ": 2, "LATITUDE": -25.62385, "LONGITUDE": -53.86426 }, "geometry": { "type": "Point", "coordinates": [ -53.86426, -25.62385 ] } },
{ "type": "Feature", "properties": { "MUNICIPIO": "Capanema", "RANK": 60, "FREQ": 2, "LATITUDE": -25.61127, "LONGITUDE": -53.87985 }, "geometry": { "type": "Point", "coordinates": [ -53.87985, -25.61127 ] } },
{ "type": "Feature", "properties": { "MUNICIPIO": "Capanema", "RANK": 61, "FREQ": 2, "LATITUDE": -25.62533, "LONGITUDE": -53.86208 }, "geometry": { "type": "Point", "coordinates": [ -53.86208, -25.62533 ] } },
{ "type": "Feature", "properties": { "MUNICIPIO": "Capanema", "RANK": 62, "FREQ": 2, "LATITUDE": -25.62845, "LONGITUDE": -53.85572 }, "geometry": { "type": "Point", "coordinates": [ -53.85572, -25.62845 ] } },
{ "type": "Feature", "properties": { "MUNICIPIO": "Capanema", "RANK": 63, "FREQ": 2, "LATITUDE": -25.66167, "LONGITUDE": -53.81586 }, "geometry": { "type": "Point", "coordinates": [ -53.81586, -25.66167 ] } },
{ "type": "Feature", "properties": { "MUNICIPIO": "Capanema", "RANK": 64, "FREQ": 2, "LATITUDE": -25.65983, "LONGITUDE": -53.81987 }, "geometry": { "type": "Point", "coordinates": [ -53.81987, -25.65983 ] } },
{ "type": "Feature", "properties": { "MUNICIPIO": "Capanema", "RANK": 65, "FREQ": 2, "LATITUDE": -25.62457, "LONGITUDE": -53.86322 }, "geometry": { "type": "Point", "coordinates": [ -53.86322, -25.62457 ] } },
{ "type": "Feature", "properties": { "MUNICIPIO": "Capanema", "RANK": 66, "FREQ": 2, "LATITUDE": -25.66074, "LONGITUDE": -53.81787 }, "geometry": { "type": "Point", "coordinates": [ -53.81787, -25.66074 ] } },
{ "type": "Feature", "properties": { "MUNICIPIO": "Capanema", "RANK": 67, "FREQ": 2, "LATITUDE": -25.63923, "LONGITUDE": -53.84539 }, "geometry": { "type": "Point", "coordinates": [ -53.84539, -25.63923 ] } },
{ "type": "Feature", "properties": { "MUNICIPIO": "Capanema", "RANK": 68, "FREQ": 2, "LATITUDE": -25.63848, "LONGITUDE": -53.84617 }, "geometry": { "type": "Point", "coordinates": [ -53.84617, -25.63848 ] } },
{ "type": "Feature", "properties": { "MUNICIPIO": "Capanema", "RANK": 69, "FREQ": 2, "LATITUDE": -25.64448, "LONGITUDE": -53.8404 }, "geometry": { "type": "Point", "coordinates": [ -53.8404, -25.64448 ] } },
{ "type": "Feature", "properties": { "MUNICIPIO": "Capanema", "RANK": 70, "FREQ": 2, "LATITUDE": -25.64768, "LONGITUDE": -53.83805 }, "geometry": { "type": "Point", "coordinates": [ -53.83805, -25.64768 ] } },
{ "type": "Feature", "properties": { "MUNICIPIO": "Capanema", "RANK": 71, "FREQ": 2, "LATITUDE": -25.61079, "LONGITUDE": -53.884835 }, "geometry": { "type": "Point", "coordinates": [ -53.884835, -25.61079 ] } },
{ "type": "Feature", "properties": { "MUNICIPIO": "Capanema", "RANK": 72, "FREQ": 2, "LATITUDE": -25.65455, "LONGITUDE": -53.83341 }, "geometry": { "type": "Point", "coordinates": [ -53.83341, -25.65455 ] } },
{ "type": "Feature", "properties": { "MUNICIPIO": "Capanema", "RANK": 73, "FREQ": 2, "LATITUDE": -25.65309, "LONGITUDE": -53.83411 }, "geometry": { "type": "Point", "coordinates": [ -53.83411, -25.65309 ] } },
{ "type": "Feature", "properties": { "MUNICIPIO": "Capanema", "RANK": 74, "FREQ": 1, "LATITUDE": -25.6614, "LONGITUDE": -53.79137 }, "geometry": { "type": "Point", "coordinates": [ -53.79137, -25.6614 ] } },
{ "type": "Feature", "properties": { "MUNICIPIO": "Capanema", "RANK": 75, "FREQ": 1, "LATITUDE": -25.60312, "LONGITUDE": -53.7559 }, "geometry": { "type": "Point", "coordinates": [ -53.7559, -25.60312 ] } },
{ "type": "Feature", "properties": { "MUNICIPIO": "Capanema", "RANK": 76, "FREQ": 1, "LATITUDE": -25.598, "LONGITUDE": -53.8705 }, "geometry": { "type": "Point", "coordinates": [ -53.8705, -25.598 ] } },
{ "type": "Feature", "properties": { "MUNICIPIO": "Capanema", "RANK": 77, "FREQ": 1, "LATITUDE": -25.60973, "LONGITUDE": -53.89432 }, "geometry": { "type": "Point", "coordinates": [ -53.89432, -25.60973 ] } },
{ "type": "Feature", "properties": { "MUNICIPIO": "Capanema", "RANK": 78, "FREQ": 1, "LATITUDE": -25.60984, "LONGITUDE": -53.8932 }, "geometry": { "type": "Point", "coordinates": [ -53.8932, -25.60984 ] } },
{ "type": "Feature", "properties": { "MUNICIPIO": "Corumbá", "RANK": 1, "FREQ": 311, "LATITUDE": -19.2216703536978, "LONGITUDE": -57.487224469453402 }, "geometry": { "type": "Point", "coordinates": [ -57.487224469453402, -19.2216703536978 ] } },
{ "type": "Feature", "properties": { "MUNICIPIO": "Corumbá", "RANK": 2, "FREQ": 307, "LATITUDE": -18.997634419869701, "LONGITUDE": -57.652385059283397 }, "geometry": { "type": "Point", "coordinates": [ -57.652385059283397, -18.997634419869701 ] } },
{ "type": "Feature", "properties": { "MUNICIPIO": "Corumbá", "RANK": 3, "FREQ": 307, "LATITUDE": -19.011349123778501, "LONGITUDE": -57.651492405863202 }, "geometry": { "type": "Point", "coordinates": [ -57.651492405863202, -19.011349123778501 ] } },
{ "type": "Feature", "properties": { "MUNICIPIO": "Corumbá", "RANK": 4, "FREQ": 110, "LATITUDE": -19.002075454545501, "LONGITUDE": -57.65048 }, "geometry": { "type": "Point", "coordinates": [ -57.65048, -19.002075454545501 ] } },
{ "type": "Feature", "properties": { "MUNICIPIO": "Corumbá", "RANK": 5, "FREQ": 106, "LATITUDE": -19.010236981132099, "LONGITUDE": -57.644552641509399 }, "geometry": { "type": "Point", "coordinates": [ -57.644552641509399, -19.010236981132099 ] } },
{ "type": "Feature", "properties": { "MUNICIPIO": "Corumbá", "RANK": 6, "FREQ": 96, "LATITUDE": -19.0101433333333, "LONGITUDE": -57.634832187500002 }, "geometry": { "type": "Point", "coordinates": [ -57.634832187500002, -19.0101433333333 ] } },
{ "type": "Feature", "properties": { "MUNICIPIO": "Corumbá", "RANK": 7, "FREQ": 89, "LATITUDE": -19.012815505618001, "LONGITUDE": -57.656831011235901 }, "geometry": { "type": "Point", "coordinates": [ -57.656831011235901, -19.012815505618001 ] } },
{ "type": "Feature", "properties": { "MUNICIPIO": "Corumbá", "RANK": 8, "FREQ": 87, "LATITUDE": -19.033742873563199, "LONGITUDE": -57.649081264367801 }, "geometry": { "type": "Point", "coordinates": [ -57.649081264367801, -19.033742873563199 ] } },
{ "type": "Feature", "properties": { "MUNICIPIO": "Corumbá", "RANK": 9, "FREQ": 75, "LATITUDE": -19.2000784, "LONGITUDE": -57.520793733333399 }, "geometry": { "type": "Point", "coordinates": [ -57.520793733333399, -19.2000784 ] } },
{ "type": "Feature", "properties": { "MUNICIPIO": "Corumbá", "RANK": 10, "FREQ": 64, "LATITUDE": -19.0142671875, "LONGITUDE": -57.66106125 }, "geometry": { "type": "Point", "coordinates": [ -57.66106125, -19.0142671875 ] } },
{ "type": "Feature", "properties": { "MUNICIPIO": "Corumbá", "RANK": 11, "FREQ": 60, "LATITUDE": -19.070789333333298, "LONGITUDE": -57.623381666666702 }, "geometry": { "type": "Point", "coordinates": [ -57.623381666666702, -19.070789333333298 ] } },
{ "type": "Feature", "properties": { "MUNICIPIO": "Corumbá", "RANK": 12, "FREQ": 56, "LATITUDE": -19.006907857142899, "LONGITUDE": -57.6487678571429 }, "geometry": { "type": "Point", "coordinates": [ -57.6487678571429, -19.006907857142899 ] } },
{ "type": "Feature", "properties": { "MUNICIPIO": "Corumbá", "RANK": 13, "FREQ": 50, "LATITUDE": -18.999105254, "LONGITUDE": -57.661808546000003 }, "geometry": { "type": "Point", "coordinates": [ -57.661808546, -18.999105254 ] } },
{ "type": "Feature", "properties": { "MUNICIPIO": "Corumbá", "RANK": 14, "FREQ": 49, "LATITUDE": -19.026755236734701, "LONGITUDE": -57.6184201551021 }, "geometry": { "type": "Point", "coordinates": [ -57.6184201551021, -19.026755236734701 ] } },
{ "type": "Feature", "properties": { "MUNICIPIO": "Corumbá", "RANK": 15, "FREQ": 49, "LATITUDE": -19.004911224489799, "LONGITUDE": -57.6537720408163 }, "geometry": { "type": "Point", "coordinates": [ -57.6537720408163, -19.004911224489799 ] } },
{ "type": "Feature", "properties": { "MUNICIPIO": "Corumbá", "RANK": 16, "FREQ": 43, "LATITUDE": -19.026935079069801, "LONGITUDE": -57.6519101069767 }, "geometry": { "type": "Point", "coordinates": [ -57.6519101069767, -19.026935079069801 ] } },
{ "type": "Feature", "properties": { "MUNICIPIO": "Corumbá", "RANK": 17, "FREQ": 40, "LATITUDE": -19.0041275, "LONGITUDE": -57.64977 }, "geometry": { "type": "Point", "coordinates": [ -57.64977, -19.0041275 ] } },
{ "type": "Feature", "properties": { "MUNICIPIO": "Corumbá", "RANK": 18, "FREQ": 40, "LATITUDE": -19.01407225, "LONGITUDE": -57.6273395 }, "geometry": { "type": "Point", "coordinates": [ -57.6273395, -19.01407225 ] } },
{ "type": "Feature", "properties": { "MUNICIPIO": "Corumbá", "RANK": 19, "FREQ": 36, "LATITUDE": -19.015362222222201, "LONGITUDE": -57.644446111111101 }, "geometry": { "type": "Point", "coordinates": [ -57.644446111111101, -19.015362222222201 ] } },
{ "type": "Feature", "properties": { "MUNICIPIO": "Corumbá", "RANK": 20, "FREQ": 36, "LATITUDE": -19.002997222222199, "LONGITUDE": -57.626275555555601 }, "geometry": { "type": "Point", "coordinates": [ -57.626275555555601, -19.002997222222199 ] } },
{ "type": "Feature", "properties": { "MUNICIPIO": "Corumbá", "RANK": 21, "FREQ": 35, "LATITUDE": -19.008028068571399, "LONGITUDE": -57.651813971428602 }, "geometry": { "type": "Point", "coordinates": [ -57.651813971428602, -19.008028068571399 ] } },
{ "type": "Feature", "properties": { "MUNICIPIO": "Corumbá", "RANK": 22, "FREQ": 34, "LATITUDE": -19.00946, "LONGITUDE": -57.65131 }, "geometry": { "type": "Point", "coordinates": [ -57.65131, -19.00946 ] } },
{ "type": "Feature", "properties": { "MUNICIPIO": "Corumbá", "RANK": 23, "FREQ": 32, "LATITUDE": -19.001548434375, "LONGITUDE": -57.61457875 }, "geometry": { "type": "Point", "coordinates": [ -57.61457875, -19.001548434375 ] } },
{ "type": "Feature", "properties": { "MUNICIPIO": "Corumbá", "RANK": 24, "FREQ": 30, "LATITUDE": -19.005546666666699, "LONGITUDE": -57.649273333333298 }, "geometry": { "type": "Point", "coordinates": [ -57.649273333333298, -19.005546666666699 ] } },
{ "type": "Feature", "properties": { "MUNICIPIO": "Corumbá", "RANK": 25, "FREQ": 28, "LATITUDE": -19.00753, "LONGITUDE": -57.65026 }, "geometry": { "type": "Point", "coordinates": [ -57.65026, -19.00753 ] } },
{ "type": "Feature", "properties": { "MUNICIPIO": "Corumbá", "RANK": 26, "FREQ": 27, "LATITUDE": -19.086867037036999, "LONGITUDE": -57.621520740740699 }, "geometry": { "type": "Point", "coordinates": [ -57.621520740740699, -19.086867037036999 ] } },
{ "type": "Feature", "properties": { "MUNICIPIO": "Corumbá", "RANK": 27, "FREQ": 26, "LATITUDE": -19.0145642461538, "LONGITUDE": -57.664014634615398 }, "geometry": { "type": "Point", "coordinates": [ -57.664014634615398, -19.0145642461538 ] } },
{ "type": "Feature", "properties": { "MUNICIPIO": "Corumbá", "RANK": 28, "FREQ": 25, "LATITUDE": -19.0057052, "LONGITUDE": -57.6475168 }, "geometry": { "type": "Point", "coordinates": [ -57.6475168, -19.0057052 ] } },
{ "type": "Feature", "properties": { "MUNICIPIO": "Corumbá", "RANK": 29, "FREQ": 24, "LATITUDE": -19.0189691666667, "LONGITUDE": -57.61992625 }, "geometry": { "type": "Point", "coordinates": [ -57.61992625, -19.0189691666667 ] } },
{ "type": "Feature", "properties": { "MUNICIPIO": "Corumbá", "RANK": 30, "FREQ": 20, "LATITUDE": -19.000383, "LONGITUDE": -57.637902 }, "geometry": { "type": "Point", "coordinates": [ -57.637902, -19.000383 ] } },
{ "type": "Feature", "properties": { "MUNICIPIO": "Corumbá", "RANK": 31, "FREQ": 19, "LATITUDE": -19.015494210526299, "LONGITUDE": -57.6589284210526 }, "geometry": { "type": "Point", "coordinates": [ -57.6589284210526, -19.015494210526299 ] } },
{ "type": "Feature", "properties": { "MUNICIPIO": "Corumbá", "RANK": 32, "FREQ": 18, "LATITUDE": -19.046328888888901, "LONGITUDE": -57.638406666666697 }, "geometry": { "type": "Point", "coordinates": [ -57.638406666666697, -19.046328888888901 ] } },
{ "type": "Feature", "properties": { "MUNICIPIO": "Corumbá", "RANK": 33, "FREQ": 16, "LATITUDE": -19.18840875, "LONGITUDE": -57.528259374999998 }, "geometry": { "type": "Point", "coordinates": [ -57.528259375, -19.18840875 ] } },
{ "type": "Feature", "properties": { "MUNICIPIO": "Corumbá", "RANK": 34, "FREQ": 16, "LATITUDE": -19.004805, "LONGITUDE": -57.641515 }, "geometry": { "type": "Point", "coordinates": [ -57.641515, -19.004805 ] } },
{ "type": "Feature", "properties": { "MUNICIPIO": "Corumbá", "RANK": 35, "FREQ": 15, "LATITUDE": -19.0061653333333, "LONGITUDE": -57.655876 }, "geometry": { "type": "Point", "coordinates": [ -57.655876, -19.0061653333333 ] } },
{ "type": "Feature", "properties": { "MUNICIPIO": "Corumbá", "RANK": 36, "FREQ": 13, "LATITUDE": -19.077605384615399, "LONGITUDE": -57.62135 }, "geometry": { "type": "Point", "coordinates": [ -57.62135, -19.077605384615399 ] } },
{ "type": "Feature", "properties": { "MUNICIPIO": "Corumbá", "RANK": 37, "FREQ": 12, "LATITUDE": -19.0090483333333, "LONGITUDE": -57.639541666666702 }, "geometry": { "type": "Point", "coordinates": [ -57.639541666666702, -19.0090483333333 ] } },
{ "type": "Feature", "properties": { "MUNICIPIO": "Corumbá", "RANK": 38, "FREQ": 12, "LATITUDE": -19.015073333333302, "LONGITUDE": -57.654423333333298 }, "geometry": { "type": "Point", "coordinates": [ -57.654423333333298, -19.015073333333302 ] } },
{ "type": "Feature", "properties": { "MUNICIPIO": "Corumbá", "RANK": 39, "FREQ": 12, "LATITUDE": -19.0032575, "LONGITUDE": -57.646696666666699 }, "geometry": { "type": "Point", "coordinates": [ -57.646696666666699, -19.0032575 ] } },
{ "type": "Feature", "properties": { "MUNICIPIO": "Corumbá", "RANK": 40, "FREQ": 12, "LATITUDE": -19.003913333333301, "LONGITUDE": -57.638783333333301 }, "geometry": { "type": "Point", "coordinates": [ -57.638783333333301, -19.003913333333301 ] } },
{ "type": "Feature", "properties": { "MUNICIPIO": "Corumbá", "RANK": 41, "FREQ": 12, "LATITUDE": -19.01618, "LONGITUDE": -57.64894 }, "geometry": { "type": "Point", "coordinates": [ -57.64894, -19.01618 ] } },
{ "type": "Feature", "properties": { "MUNICIPIO": "Corumbá", "RANK": 42, "FREQ": 11, "LATITUDE": -18.998675136363602, "LONGITUDE": -57.6372541 }, "geometry": { "type": "Point", "coordinates": [ -57.6372541, -18.998675136363602 ] } },
{ "type": "Feature", "properties": { "MUNICIPIO": "Corumbá", "RANK": 43, "FREQ": 11, "LATITUDE": -19.094680909090901, "LONGITUDE": -57.6163818181818 }, "geometry": { "type": "Point", "coordinates": [ -57.6163818181818, -19.094680909090901 ] } },
{ "type": "Feature", "properties": { "MUNICIPIO": "Corumbá", "RANK": 44, "FREQ": 10, "LATITUDE": -19.012474, "LONGITUDE": -57.630342 }, "geometry": { "type": "Point", "coordinates": [ -57.630342, -19.012474 ] } },
{ "type": "Feature", "properties": { "MUNICIPIO": "Corumbá", "RANK": 45, "FREQ": 10, "LATITUDE": -19.00237498, "LONGITUDE": -57.65412425 }, "geometry": { "type": "Point", "coordinates": [ -57.65412425, -19.00237498 ] } },
{ "type": "Feature", "properties": { "MUNICIPIO": "Corumbá", "RANK": 46, "FREQ": 10, "LATITUDE": -19.00089989, "LONGITUDE": -57.64735655 }, "geometry": { "type": "Point", "coordinates": [ -57.64735655, -19.00089989 ] } },
{ "type": "Feature", "properties": { "MUNICIPIO": "Corumbá", "RANK": 47, "FREQ": 10, "LATITUDE": -19.049134, "LONGITUDE": -57.636686 }, "geometry": { "type": "Point", "coordinates": [ -57.636686, -19.049134 ] } },
{ "type": "Feature", "properties": { "MUNICIPIO": "Corumbá", "RANK": 48, "FREQ": 9, "LATITUDE": -19.0182044444444, "LONGITUDE": -57.656615555555597 }, "geometry": { "type": "Point", "coordinates": [ -57.656615555555597, -19.0182044444444 ] } },
{ "type": "Feature", "properties": { "MUNICIPIO": "Corumbá", "RANK": 49, "FREQ": 9, "LATITUDE": -19.017966966666702, "LONGITUDE": -57.641260122222199 }, "geometry": { "type": "Point", "coordinates": [ -57.641260122222199, -19.017966966666702 ] } },
{ "type": "Feature", "properties": { "MUNICIPIO": "Corumbá", "RANK": 50, "FREQ": 8, "LATITUDE": -19.00622, "LONGITUDE": -57.629955 }, "geometry": { "type": "Point", "coordinates": [ -57.629955, -19.00622 ] } },
{ "type": "Feature", "properties": { "MUNICIPIO": "Corumbá", "RANK": 51, "FREQ": 8, "LATITUDE": -19.006515, "LONGITUDE": -57.65231 }, "geometry": { "type": "Point", "coordinates": [ -57.65231, -19.006515 ] } },
{ "type": "Feature", "properties": { "MUNICIPIO": "Corumbá", "RANK": 52, "FREQ": 8, "LATITUDE": -19.00568, "LONGITUDE": -57.64426 }, "geometry": { "type": "Point", "coordinates": [ -57.64426, -19.00568 ] } },
{ "type": "Feature", "properties": { "MUNICIPIO": "Corumbá", "RANK": 53, "FREQ": 8, "LATITUDE": -19.007575, "LONGITUDE": -57.634915 }, "geometry": { "type": "Point", "coordinates": [ -57.634915, -19.007575 ] } },
{ "type": "Feature", "properties": { "MUNICIPIO": "Corumbá", "RANK": 54, "FREQ": 6, "LATITUDE": -19.0174533333333, "LONGITUDE": -57.664576666666697 }, "geometry": { "type": "Point", "coordinates": [ -57.664576666666697, -19.0174533333333 ] } },
{ "type": "Feature", "properties": { "MUNICIPIO": "Corumbá", "RANK": 55, "FREQ": 6, "LATITUDE": -19.1084033333333, "LONGITUDE": -57.605375 }, "geometry": { "type": "Point", "coordinates": [ -57.605375, -19.1084033333333 ] } },
{ "type": "Feature", "properties": { "MUNICIPIO": "Corumbá", "RANK": 56, "FREQ": 6, "LATITUDE": -19.042958333333299, "LONGITUDE": -57.640471666666699 }, "geometry": { "type": "Point", "coordinates": [ -57.640471666666699, -19.042958333333299 ] } },
{ "type": "Feature", "properties": { "MUNICIPIO": "Corumbá", "RANK": 57, "FREQ": 6, "LATITUDE": -19.00614, "LONGITUDE": -57.64565 }, "geometry": { "type": "Point", "coordinates": [ -57.64565, -19.00614 ] } },
{ "type": "Feature", "properties": { "MUNICIPIO": "Corumbá", "RANK": 58, "FREQ": 6, "LATITUDE": -19.1925733333333, "LONGITUDE": -57.5281916666667 }, "geometry": { "type": "Point", "coordinates": [ -57.5281916666667, -19.1925733333333 ] } },
{ "type": "Feature", "properties": { "MUNICIPIO": "Corumbá", "RANK": 59, "FREQ": 5, "LATITUDE": -19.01805018, "LONGITUDE": -57.66684296 }, "geometry": { "type": "Point", "coordinates": [ -57.66684296, -19.01805018 ] } },
{ "type": "Feature", "properties": { "MUNICIPIO": "Corumbá", "RANK": 60, "FREQ": 5, "LATITUDE": -19.057646, "LONGITUDE": -57.63152 }, "geometry": { "type": "Point", "coordinates": [ -57.63152, -19.057646 ] } },
{ "type": "Feature", "properties": { "MUNICIPIO": "Corumbá", "RANK": 61, "FREQ": 4, "LATITUDE": -19.01722, "LONGITUDE": -57.65366 }, "geometry": { "type": "Point", "coordinates": [ -57.65366, -19.01722 ] } },
{ "type": "Feature", "properties": { "MUNICIPIO": "Corumbá", "RANK": 62, "FREQ": 4, "LATITUDE": -19.01386, "LONGITUDE": -57.65316 }, "geometry": { "type": "Point", "coordinates": [ -57.65316, -19.01386 ] } },
{ "type": "Feature", "properties": { "MUNICIPIO": "Corumbá", "RANK": 63, "FREQ": 4, "LATITUDE": -19.001635, "LONGITUDE": -57.62127 }, "geometry": { "type": "Point", "coordinates": [ -57.62127, -19.001635 ] } },
{ "type": "Feature", "properties": { "MUNICIPIO": "Corumbá", "RANK": 64, "FREQ": 4, "LATITUDE": -19.0602175, "LONGITUDE": -57.6299675 }, "geometry": { "type": "Point", "coordinates": [ -57.6299675, -19.0602175 ] } },
{ "type": "Feature", "properties": { "MUNICIPIO": "Corumbá", "RANK": 65, "FREQ": 4, "LATITUDE": -19.022225, "LONGITUDE": -57.65522 }, "geometry": { "type": "Point", "coordinates": [ -57.65522, -19.022225 ] } },
{ "type": "Feature", "properties": { "MUNICIPIO": "Corumbá", "RANK": 66, "FREQ": 4, "LATITUDE": -19.1768775, "LONGITUDE": -57.55023 }, "geometry": { "type": "Point", "coordinates": [ -57.55023, -19.1768775 ] } },
{ "type": "Feature", "properties": { "MUNICIPIO": "Corumbá", "RANK": 67, "FREQ": 4, "LATITUDE": -19.01482, "LONGITUDE": -57.65111 }, "geometry": { "type": "Point", "coordinates": [ -57.65111, -19.01482 ] } },
{ "type": "Feature", "properties": { "MUNICIPIO": "Corumbá", "RANK": 68, "FREQ": 4, "LATITUDE": -19.00778, "LONGITUDE": -57.636485 }, "geometry": { "type": "Point", "coordinates": [ -57.636485, -19.00778 ] } },
{ "type": "Feature", "properties": { "MUNICIPIO": "Corumbá", "RANK": 69, "FREQ": 4, "LATITUDE": -19.01625, "LONGITUDE": -57.65059 }, "geometry": { "type": "Point", "coordinates": [ -57.65059, -19.01625 ] } },
{ "type": "Feature", "properties": { "MUNICIPIO": "Corumbá", "RANK": 70, "FREQ": 4, "LATITUDE": -19.016805, "LONGITUDE": -57.662355 }, "geometry": { "type": "Point", "coordinates": [ -57.662355, -19.016805 ] } },
{ "type": "Feature", "properties": { "MUNICIPIO": "Corumbá", "RANK": 71, "FREQ": 4, "LATITUDE": -19.006775, "LONGITUDE": -57.63175 }, "geometry": { "type": "Point", "coordinates": [ -57.63175, -19.006775 ] } },
{ "type": "Feature", "properties": { "MUNICIPIO": "Corumbá", "RANK": 72, "FREQ": 3, "LATITUDE": -19.13333, "LONGITUDE": -57.585423333333303 }, "geometry": { "type": "Point", "coordinates": [ -57.585423333333303, -19.13333 ] } },
{ "type": "Feature", "properties": { "MUNICIPIO": "Corumbá", "RANK": 73, "FREQ": 3, "LATITUDE": -19.00652, "LONGITUDE": -57.65742 }, "geometry": { "type": "Point", "coordinates": [ -57.65742, -19.00652 ] } },
{ "type": "Feature", "properties": { "MUNICIPIO": "Corumbá", "RANK": 74, "FREQ": 3, "LATITUDE": -19.053606666666699, "LONGITUDE": -57.633966666666701 }, "geometry": { "type": "Point", "coordinates": [ -57.633966666666701, -19.053606666666699 ] } },
{ "type": "Feature", "properties": { "MUNICIPIO": "Corumbá", "RANK": 75, "FREQ": 3, "LATITUDE": -19.09801, "LONGITUDE": -57.61366 }, "geometry": { "type": "Point", "coordinates": [ -57.61366, -19.09801 ] } },
{ "type": "Feature", "properties": { "MUNICIPIO": "Corumbá", "RANK": 76, "FREQ": 3, "LATITUDE": -19.0003927666667, "LONGITUDE": -57.652953666666697 }, "geometry": { "type": "Point", "coordinates": [ -57.652953666666697, -19.0003927666667 ] } },
{ "type": "Feature", "properties": { "MUNICIPIO": "Corumbá", "RANK": 77, "FREQ": 2, "LATITUDE": -19.02294, "LONGITUDE": -57.65169 }, "geometry": { "type": "Point", "coordinates": [ -57.65169, -19.02294 ] } },
{ "type": "Feature", "properties": { "MUNICIPIO": "Corumbá", "RANK": 78, "FREQ": 2, "LATITUDE": -19.01865, "LONGITUDE": -57.65314 }, "geometry": { "type": "Point", "coordinates": [ -57.65314, -19.01865 ] } },
{ "type": "Feature", "properties": { "MUNICIPIO": "Corumbá", "RANK": 79, "FREQ": 2, "LATITUDE": -19.0201, "LONGITUDE": -57.65265 }, "geometry": { "type": "Point", "coordinates": [ -57.65265, -19.0201 ] } },
{ "type": "Feature", "properties": { "MUNICIPIO": "Corumbá", "RANK": 80, "FREQ": 2, "LATITUDE": -19.02155, "LONGITUDE": -57.65218 }, "geometry": { "type": "Point", "coordinates": [ -57.65218, -19.02155 ] } },
{ "type": "Feature", "properties": { "MUNICIPIO": "Corumbá", "RANK": 81, "FREQ": 2, "LATITUDE": -19.05107, "LONGITUDE": -57.63548 }, "geometry": { "type": "Point", "coordinates": [ -57.63548, -19.05107 ] } },
{ "type": "Feature", "properties": { "MUNICIPIO": "Corumbá", "RANK": 82, "FREQ": 2, "LATITUDE": -19.0162, "LONGITUDE": -57.62383 }, "geometry": { "type": "Point", "coordinates": [ -57.62383, -19.0162 ] } },
{ "type": "Feature", "properties": { "MUNICIPIO": "Corumbá", "RANK": 83, "FREQ": 2, "LATITUDE": -19.01962, "LONGITUDE": -57.65619 }, "geometry": { "type": "Point", "coordinates": [ -57.65619, -19.01962 ] } },
{ "type": "Feature", "properties": { "MUNICIPIO": "Corumbá", "RANK": 84, "FREQ": 2, "LATITUDE": -19.01688, "LONGITUDE": -57.62264 }, "geometry": { "type": "Point", "coordinates": [ -57.62264, -19.01688 ] } },
{ "type": "Feature", "properties": { "MUNICIPIO": "Corumbá", "RANK": 85, "FREQ": 2, "LATITUDE": -19.01771, "LONGITUDE": -57.6552 }, "geometry": { "type": "Point", "coordinates": [ -57.6552, -19.01771 ] } },
{ "type": "Feature", "properties": { "MUNICIPIO": "Corumbá", "RANK": 86, "FREQ": 2, "LATITUDE": -19.02104, "LONGITUDE": -57.65566 }, "geometry": { "type": "Point", "coordinates": [ -57.65566, -19.02104 ] } },
{ "type": "Feature", "properties": { "MUNICIPIO": "Corumbá", "RANK": 87, "FREQ": 2, "LATITUDE": -19.15965, "LONGITUDE": -57.56431 }, "geometry": { "type": "Point", "coordinates": [ -57.56431, -19.15965 ] } },
{ "type": "Feature", "properties": { "MUNICIPIO": "Corumbá", "RANK": 88, "FREQ": 2, "LATITUDE": -19.12476, "LONGITUDE": -57.59232 }, "geometry": { "type": "Point", "coordinates": [ -57.59232, -19.12476 ] } },
{ "type": "Feature", "properties": { "MUNICIPIO": "Corumbá", "RANK": 89, "FREQ": 2, "LATITUDE": -19.19096, "LONGITUDE": -57.52781 }, "geometry": { "type": "Point", "coordinates": [ -57.52781, -19.19096 ] } },
{ "type": "Feature", "properties": { "MUNICIPIO": "Corumbá", "RANK": 90, "FREQ": 2, "LATITUDE": -19.182545, "LONGITUDE": -57.534365 }, "geometry": { "type": "Point", "coordinates": [ -57.534365, -19.182545 ] } },
{ "type": "Feature", "properties": { "MUNICIPIO": "Corumbá", "RANK": 91, "FREQ": 2, "LATITUDE": -18.99983, "LONGITUDE": -57.65969 }, "geometry": { "type": "Point", "coordinates": [ -57.65969, -18.99983 ] } },
{ "type": "Feature", "properties": { "MUNICIPIO": "Corumbá", "RANK": 92, "FREQ": 2, "LATITUDE": -19.00084, "LONGITUDE": -57.65933 }, "geometry": { "type": "Point", "coordinates": [ -57.65933, -19.00084 ] } },
{ "type": "Feature", "properties": { "MUNICIPIO": "Corumbá", "RANK": 93, "FREQ": 2, "LATITUDE": -19.00517, "LONGITUDE": -57.65787 }, "geometry": { "type": "Point", "coordinates": [ -57.65787, -19.00517 ] } },
{ "type": "Feature", "properties": { "MUNICIPIO": "Corumbá", "RANK": 94, "FREQ": 2, "LATITUDE": -19.00467, "LONGITUDE": -57.64614 }, "geometry": { "type": "Point", "coordinates": [ -57.64614, -19.00467 ] } },
{ "type": "Feature", "properties": { "MUNICIPIO": "Corumbá", "RANK": 95, "FREQ": 2, "LATITUDE": -19.17997, "LONGITUDE": -57.5415 }, "geometry": { "type": "Point", "coordinates": [ -57.5415, -19.17997 ] } },
{ "type": "Feature", "properties": { "MUNICIPIO": "Corumbá", "RANK": 96, "FREQ": 2, "LATITUDE": -19.00226, "LONGITUDE": -57.63857 }, "geometry": { "type": "Point", "coordinates": [ -57.63857, -19.00226 ] } },
{ "type": "Feature", "properties": { "MUNICIPIO": "Corumbá", "RANK": 97, "FREQ": 2, "LATITUDE": -19.00226, "LONGITUDE": -57.64868 }, "geometry": { "type": "Point", "coordinates": [ -57.64868, -19.00226 ] } },
{ "type": "Feature", "properties": { "MUNICIPIO": "Corumbá", "RANK": 98, "FREQ": 2, "LATITUDE": -19.00186, "LONGITUDE": -57.6185 }, "geometry": { "type": "Point", "coordinates": [ -57.6185, -19.00186 ] } },
{ "type": "Feature", "properties": { "MUNICIPIO": "Corumbá", "RANK": 99, "FREQ": 2, "LATITUDE": -19.00728, "LONGITUDE": -57.63337 }, "geometry": { "type": "Point", "coordinates": [ -57.63337, -19.00728 ] } },
{ "type": "Feature", "properties": { "MUNICIPIO": "Corumbá", "RANK": 100, "FREQ": 2, "LATITUDE": -19.00231, "LONGITUDE": -57.65884 }, "geometry": { "type": "Point", "coordinates": [ -57.65884, -19.00231 ] } },
{ "type": "Feature", "properties": { "MUNICIPIO": "Dionício Cerqueira", "RANK": 1, "FREQ": 82, "LATITUDE": -26.255505760975598, "LONGITUDE": -53.635689786585402 }, "geometry": { "type": "Point", "coordinates": [ -53.635689786585402, -26.255505760975598 ] } },
{ "type": "Feature", "properties": { "MUNICIPIO": "Dionísio Cerqueira", "RANK": 1, "FREQ": 241, "LATITUDE": -26.260995143568501, "LONGITUDE": -53.631263319502096 }, "geometry": { "type": "Point", "coordinates": [ -53.631263319502096, -26.260995143568501 ] } },
{ "type": "Feature", "properties": { "MUNICIPIO": "Dionísio Cerqueira", "RANK": 2, "FREQ": 143, "LATITUDE": -26.2577460839161, "LONGITUDE": -53.6222126573427 }, "geometry": { "type": "Point", "coordinates": [ -53.6222126573427, -26.2577460839161 ] } },
{ "type": "Feature", "properties": { "MUNICIPIO": "Dionísio Cerqueira", "RANK": 3, "FREQ": 105, "LATITUDE": -26.2742380952381, "LONGITUDE": -53.626688666666702 }, "geometry": { "type": "Point", "coordinates": [ -53.626688666666702, -26.2742380952381 ] } },
{ "type": "Feature", "properties": { "MUNICIPIO": "Dionísio Cerqueira", "RANK": 4, "FREQ": 88, "LATITUDE": -26.268068819318199, "LONGITUDE": -53.373308959090899 }, "geometry": { "type": "Point", "coordinates": [ -53.373308959090899, -26.268068819318199 ] } },
{ "type": "Feature", "properties": { "MUNICIPIO": "Dionísio Cerqueira", "RANK": 5, "FREQ": 54, "LATITUDE": -26.2873062962963, "LONGITUDE": -53.554353703703697 }, "geometry": { "type": "Point", "coordinates": [ -53.554353703703697, -26.2873062962963 ] } },
{ "type": "Feature", "properties": { "MUNICIPIO": "Dionísio Cerqueira", "RANK": 6, "FREQ": 40, "LATITUDE": -26.29182075, "LONGITUDE": -53.4658485 }, "geometry": { "type": "Point", "coordinates": [ -53.4658485, -26.29182075 ] } },
{ "type": "Feature", "properties": { "MUNICIPIO": "Dionísio Cerqueira", "RANK": 7, "FREQ": 38, "LATITUDE": -26.2554097368421, "LONGITUDE": -53.3793223684211 }, "geometry": { "type": "Point", "coordinates": [ -53.3793223684211, -26.2554097368421 ] } },
{ "type": "Feature", "properties": { "MUNICIPIO": "Dionísio Cerqueira", "RANK": 8, "FREQ": 37, "LATITUDE": -26.270665405405399, "LONGITUDE": -53.587991621621597 }, "geometry": { "type": "Point", "coordinates": [ -53.587991621621597, -26.270665405405399 ] } },
{ "type": "Feature", "properties": { "MUNICIPIO": "Dionísio Cerqueira", "RANK": 9, "FREQ": 35, "LATITUDE": -26.282626285714301, "LONGITUDE": -53.438922571428598 }, "geometry": { "type": "Point", "coordinates": [ -53.438922571428598, -26.282626285714301 ] } },
{ "type": "Feature", "properties": { "MUNICIPIO": "Dionísio Cerqueira", "RANK": 10, "FREQ": 33, "LATITUDE": -26.255455454545501, "LONGITUDE": -53.386478484848503 }, "geometry": { "type": "Point", "coordinates": [ -53.386478484848503, -26.255455454545501 ] } },
{ "type": "Feature", "properties": { "MUNICIPIO": "Dionísio Cerqueira", "RANK": 11, "FREQ": 32, "LATITUDE": -26.299351875, "LONGITUDE": -53.615785312500002 }, "geometry": { "type": "Point", "coordinates": [ -53.615785312500002, -26.299351875 ] } },
{ "type": "Feature", "properties": { "MUNICIPIO": "Dionísio Cerqueira", "RANK": 12, "FREQ": 32, "LATITUDE": -26.281193437500001, "LONGITUDE": -53.631525312500003 }, "geometry": { "type": "Point", "coordinates": [ -53.631525312500003, -26.281193437500001 ] } },
{ "type": "Feature", "properties": { "MUNICIPIO": "Dionísio Cerqueira", "RANK": 13, "FREQ": 29, "LATITUDE": -26.292032413793098, "LONGITUDE": -53.537946896551702 }, "geometry": { "type": "Point", "coordinates": [ -53.537946896551702, -26.292032413793098 ] } },
{ "type": "Feature", "properties": { "MUNICIPIO": "Dionísio Cerqueira", "RANK": 14, "FREQ": 29, "LATITUDE": -26.289827241379299, "LONGITUDE": -53.616543448275898 }, "geometry": { "type": "Point", "coordinates": [ -53.616543448275898, -26.289827241379299 ] } },
{ "type": "Feature", "properties": { "MUNICIPIO": "Dionísio Cerqueira", "RANK": 15, "FREQ": 23, "LATITUDE": -26.2644208695652, "LONGITUDE": -53.599779130434797 }, "geometry": { "type": "Point", "coordinates": [ -53.599779130434797, -26.2644208695652 ] } },
{ "type": "Feature", "properties": { "MUNICIPIO": "Dionísio Cerqueira", "RANK": 16, "FREQ": 22, "LATITUDE": -26.291945909090899, "LONGITUDE": -53.524839545454597 }, "geometry": { "type": "Point", "coordinates": [ -53.524839545454597, -26.291945909090899 ] } },
{ "type": "Feature", "properties": { "MUNICIPIO": "Dionísio Cerqueira", "RANK": 17, "FREQ": 20, "LATITUDE": -26.2903825, "LONGITUDE": -53.4528695 }, "geometry": { "type": "Point", "coordinates": [ -53.4528695, -26.2903825 ] } },
{ "type": "Feature", "properties": { "MUNICIPIO": "Dionísio Cerqueira", "RANK": 18, "FREQ": 19, "LATITUDE": -26.280780526315802, "LONGITUDE": -53.568790526315802 }, "geometry": { "type": "Point", "coordinates": [ -53.568790526315802, -26.280780526315802 ] } },
{ "type": "Feature", "properties": { "MUNICIPIO": "Dionísio Cerqueira", "RANK": 19, "FREQ": 19, "LATITUDE": -26.2776247368421, "LONGITUDE": -53.581730526315802 }, "geometry": { "type": "Point", "coordinates": [ -53.581730526315802, -26.2776247368421 ] } },
{ "type": "Feature", "properties": { "MUNICIPIO": "Dionísio Cerqueira", "RANK": 20, "FREQ": 17, "LATITUDE": -26.2945829411765, "LONGITUDE": -53.517156470588198 }, "geometry": { "type": "Point", "coordinates": [ -53.517156470588198, -26.2945829411765 ] } },
{ "type": "Feature", "properties": { "MUNICIPIO": "Dionísio Cerqueira", "RANK": 21, "FREQ": 16, "LATITUDE": -26.260154375, "LONGITUDE": -53.610288124999997 }, "geometry": { "type": "Point", "coordinates": [ -53.610288125, -26.260154375 ] } },
{ "type": "Feature", "properties": { "MUNICIPIO": "Dionísio Cerqueira", "RANK": 22, "FREQ": 15, "LATITUDE": -26.281566, "LONGITUDE": -53.4293366666667 }, "geometry": { "type": "Point", "coordinates": [ -53.4293366666667, -26.281566 ] } },
{ "type": "Feature", "properties": { "MUNICIPIO": "Dionísio Cerqueira", "RANK": 23, "FREQ": 15, "LATITUDE": -26.2581, "LONGITUDE": -53.373984 }, "geometry": { "type": "Point", "coordinates": [ -53.373984, -26.2581 ] } },
{ "type": "Feature", "properties": { "MUNICIPIO": "Dionísio Cerqueira", "RANK": 24, "FREQ": 14, "LATITUDE": -26.28542, "LONGITUDE": -53.447817142857197 }, "geometry": { "type": "Point", "coordinates": [ -53.447817142857197, -26.28542 ] } },
{ "type": "Feature", "properties": { "MUNICIPIO": "Dionísio Cerqueira", "RANK": 25, "FREQ": 13, "LATITUDE": -26.292169230769201, "LONGITUDE": -53.483463846153803 }, "geometry": { "type": "Point", "coordinates": [ -53.483463846153803, -26.292169230769201 ] } },
{ "type": "Feature", "properties": { "MUNICIPIO": "Dionísio Cerqueira", "RANK": 26, "FREQ": 12, "LATITUDE": -26.261503333333302, "LONGITUDE": -53.397603333333301 }, "geometry": { "type": "Point", "coordinates": [ -53.397603333333301, -26.261503333333302 ] } },
{ "type": "Feature", "properties": { "MUNICIPIO": "Dionísio Cerqueira", "RANK": 27, "FREQ": 12, "LATITUDE": -26.28407, "LONGITUDE": -53.618968333333299 }, "geometry": { "type": "Point", "coordinates": [ -53.618968333333299, -26.28407 ] } },
{ "type": "Feature", "properties": { "MUNICIPIO": "Dionísio Cerqueira", "RANK": 28, "FREQ": 11, "LATITUDE": -26.2799745454545, "LONGITUDE": -53.424721818181801 }, "geometry": { "type": "Point", "coordinates": [ -53.424721818181801, -26.2799745454545 ] } },
{ "type": "Feature", "properties": { "MUNICIPIO": "Dionísio Cerqueira", "RANK": 29, "FREQ": 9, "LATITUDE": -26.298838888888898, "LONGITUDE": -53.506237777777798 }, "geometry": { "type": "Point", "coordinates": [ -53.506237777777798, -26.298838888888898 ] } },
{ "type": "Feature", "properties": { "MUNICIPIO": "Dionísio Cerqueira", "RANK": 30, "FREQ": 9, "LATITUDE": -26.2536072, "LONGITUDE": -53.639811166666703 }, "geometry": { "type": "Point", "coordinates": [ -53.639811166666703, -26.2536072 ] } },
{ "type": "Feature", "properties": { "MUNICIPIO": "Dionísio Cerqueira", "RANK": 31, "FREQ": 8, "LATITUDE": -26.30004375, "LONGITUDE": -53.49415625 }, "geometry": { "type": "Point", "coordinates": [ -53.49415625, -26.30004375 ] } },
{ "type": "Feature", "properties": { "MUNICIPIO": "Dionísio Cerqueira", "RANK": 32, "FREQ": 7, "LATITUDE": -26.260927142857099, "LONGITUDE": -53.392915714285699 }, "geometry": { "type": "Point", "coordinates": [ -53.392915714285699, -26.260927142857099 ] } },
{ "type": "Feature", "properties": { "MUNICIPIO": "Dionísio Cerqueira", "RANK": 33, "FREQ": 7, "LATITUDE": -26.296918571428598, "LONGITUDE": -53.489125714285699 }, "geometry": { "type": "Point", "coordinates": [ -53.489125714285699, -26.296918571428598 ] } },
{ "type": "Feature", "properties": { "MUNICIPIO": "Dionísio Cerqueira", "RANK": 34, "FREQ": 7, "LATITUDE": -26.261634285714301, "LONGITUDE": -53.607178571428598 }, "geometry": { "type": "Point", "coordinates": [ -53.607178571428598, -26.261634285714301 ] } },
{ "type": "Feature", "properties": { "MUNICIPIO": "Dionísio Cerqueira", "RANK": 35, "FREQ": 7, "LATITUDE": -26.284227142857102, "LONGITUDE": -53.560188571428597 }, "geometry": { "type": "Point", "coordinates": [ -53.560188571428597, -26.284227142857102 ] } },
{ "type": "Feature", "properties": { "MUNICIPIO": "Dionísio Cerqueira", "RANK": 36, "FREQ": 6, "LATITUDE": -26.278798333333299, "LONGITUDE": -53.57744 }, "geometry": { "type": "Point", "coordinates": [ -53.57744, -26.278798333333299 ] } },
{ "type": "Feature", "properties": { "MUNICIPIO": "Dionísio Cerqueira", "RANK": 37, "FREQ": 6, "LATITUDE": -26.277005, "LONGITUDE": -53.420466666666698 }, "geometry": { "type": "Point", "coordinates": [ -53.420466666666698, -26.277005 ] } },
{ "type": "Feature", "properties": { "MUNICIPIO": "Dionísio Cerqueira", "RANK": 38, "FREQ": 6, "LATITUDE": -26.303318333333301, "LONGITUDE": -53.618895 }, "geometry": { "type": "Point", "coordinates": [ -53.618895, -26.303318333333301 ] } },
{ "type": "Feature", "properties": { "MUNICIPIO": "Dionísio Cerqueira", "RANK": 39, "FREQ": 5, "LATITUDE": -26.29028, "LONGITUDE": -53.546462 }, "geometry": { "type": "Point", "coordinates": [ -53.546462, -26.29028 ] } },
{ "type": "Feature", "properties": { "MUNICIPIO": "Dionísio Cerqueira", "RANK": 40, "FREQ": 5, "LATITUDE": -26.263826, "LONGITUDE": -53.402884 }, "geometry": { "type": "Point", "coordinates": [ -53.402884, -26.263826 ] } },
{ "type": "Feature", "properties": { "MUNICIPIO": "Dionísio Cerqueira", "RANK": 41, "FREQ": 5, "LATITUDE": -26.290128, "LONGITUDE": -53.475568 }, "geometry": { "type": "Point", "coordinates": [ -53.475568, -26.290128 ] } },
{ "type": "Feature", "properties": { "MUNICIPIO": "Dionísio Cerqueira", "RANK": 42, "FREQ": 5, "LATITUDE": -26.28694646, "LONGITUDE": -53.6338763 }, "geometry": { "type": "Point", "coordinates": [ -53.6338763, -26.28694646 ] } },
{ "type": "Feature", "properties": { "MUNICIPIO": "Dionísio Cerqueira", "RANK": 43, "FREQ": 4, "LATITUDE": -26.2681125, "LONGITUDE": -53.4109775 }, "geometry": { "type": "Point", "coordinates": [ -53.4109775, -26.2681125 ] } },
{ "type": "Feature", "properties": { "MUNICIPIO": "Dionísio Cerqueira", "RANK": 44, "FREQ": 4, "LATITUDE": -26.269385, "LONGITUDE": -53.4127775 }, "geometry": { "type": "Point", "coordinates": [ -53.4127775, -26.269385 ] } },
{ "type": "Feature", "properties": { "MUNICIPIO": "Dionísio Cerqueira", "RANK": 45, "FREQ": 4, "LATITUDE": -26.2963375, "LONGITUDE": -53.512685 }, "geometry": { "type": "Point", "coordinates": [ -53.512685, -26.2963375 ] } },
{ "type": "Feature", "properties": { "MUNICIPIO": "Dionísio Cerqueira", "RANK": 46, "FREQ": 4, "LATITUDE": -26.2976275, "LONGITUDE": -53.5094125 }, "geometry": { "type": "Point", "coordinates": [ -53.5094125, -26.2976275 ] } },
{ "type": "Feature", "properties": { "MUNICIPIO": "Dionísio Cerqueira", "RANK": 47, "FREQ": 3, "LATITUDE": -26.2829266666667, "LONGITUDE": -53.563403333333298 }, "geometry": { "type": "Point", "coordinates": [ -53.563403333333298, -26.2829266666667 ] } },
{ "type": "Feature", "properties": { "MUNICIPIO": "Dionísio Cerqueira", "RANK": 48, "FREQ": 3, "LATITUDE": -26.266733333333299, "LONGITUDE": -53.4089 }, "geometry": { "type": "Point", "coordinates": [ -53.4089, -26.266733333333299 ] } },
{ "type": "Feature", "properties": { "MUNICIPIO": "Dionísio Cerqueira", "RANK": 49, "FREQ": 3, "LATITUDE": -26.29984, "LONGITUDE": -53.500026666666699 }, "geometry": { "type": "Point", "coordinates": [ -53.500026666666699, -26.29984 ] } },
{ "type": "Feature", "properties": { "MUNICIPIO": "Dionísio Cerqueira", "RANK": 50, "FREQ": 3, "LATITUDE": -26.299476666666699, "LONGITUDE": -53.5029 }, "geometry": { "type": "Point", "coordinates": [ -53.5029, -26.299476666666699 ] } },
{ "type": "Feature", "properties": { "MUNICIPIO": "Dionísio Cerqueira", "RANK": 51, "FREQ": 2, "LATITUDE": -26.300235, "LONGITUDE": -53.49701 }, "geometry": { "type": "Point", "coordinates": [ -53.49701, -26.300235 ] } },
{ "type": "Feature", "properties": { "MUNICIPIO": "Dionísio Cerqueira", "RANK": 52, "FREQ": 2, "LATITUDE": -26.30004, "LONGITUDE": -53.49848 }, "geometry": { "type": "Point", "coordinates": [ -53.49848, -26.30004 ] } },
{ "type": "Feature", "properties": { "MUNICIPIO": "Dionísio Cerqueira", "RANK": 53, "FREQ": 2, "LATITUDE": -26.265835, "LONGITUDE": -53.407465 }, "geometry": { "type": "Point", "coordinates": [ -53.407465, -26.265835 ] } },
{ "type": "Feature", "properties": { "MUNICIPIO": "Dionísio Cerqueira", "RANK": 54, "FREQ": 2, "LATITUDE": -26.27564, "LONGITUDE": -53.41905 }, "geometry": { "type": "Point", "coordinates": [ -53.41905, -26.27564 ] } },
{ "type": "Feature", "properties": { "MUNICIPIO": "Dionísio Cerqueira", "RANK": 55, "FREQ": 2, "LATITUDE": -26.29219, "LONGITUDE": -53.53084 }, "geometry": { "type": "Point", "coordinates": [ -53.53084, -26.29219 ] } },
{ "type": "Feature", "properties": { "MUNICIPIO": "Dionísio Cerqueira", "RANK": 56, "FREQ": 1, "LATITUDE": -26.26312, "LONGITUDE": -53.40136 }, "geometry": { "type": "Point", "coordinates": [ -53.40136, -26.26312 ] } },
{ "type": "Feature", "properties": { "MUNICIPIO": "Dionísio Cerqueira", "RANK": 57, "FREQ": 1, "LATITUDE": -26.27058, "LONGITUDE": -53.41406 }, "geometry": { "type": "Point", "coordinates": [ -53.41406, -26.27058 ] } },
{ "type": "Feature", "properties": { "MUNICIPIO": "Dionísio Cerqueira", "RANK": 58, "FREQ": 1, "LATITUDE": -26.27478, "LONGITUDE": -53.41819 }, "geometry": { "type": "Point", "coordinates": [ -53.41819, -26.27478 ] } },
{ "type": "Feature", "properties": { "MUNICIPIO": "Dionísio Cerqueira", "RANK": 59, "FREQ": 1, "LATITUDE": -26.27319, "LONGITUDE": -53.41661 }, "geometry": { "type": "Point", "coordinates": [ -53.41661, -26.27319 ] } },
{ "type": "Feature", "properties": { "MUNICIPIO": "Dionísio Cerqueira", "RANK": 60, "FREQ": 1, "LATITUDE": -26.27183, "LONGITUDE": -53.41526 }, "geometry": { "type": "Point", "coordinates": [ -53.41526, -26.27183 ] } },
{ "type": "Feature", "properties": { "MUNICIPIO": "Dionísio Cerqueira", "RANK": 61, "FREQ": 1, "LATITUDE": -26.27838, "LONGITUDE": -53.42224 }, "geometry": { "type": "Point", "coordinates": [ -53.42224, -26.27838 ] } },
{ "type": "Feature", "properties": { "MUNICIPIO": "Dionísio Cerqueira", "RANK": 62, "FREQ": 1, "LATITUDE": -26.292, "LONGITUDE": -53.45697 }, "geometry": { "type": "Point", "coordinates": [ -53.45697, -26.292 ] } },
{ "type": "Feature", "properties": { "MUNICIPIO": "Dionísio Cerqueira", "RANK": 63, "FREQ": 1, "LATITUDE": -26.26507, "LONGITUDE": -53.4058 }, "geometry": { "type": "Point", "coordinates": [ -53.4058, -26.26507 ] } },
{ "type": "Feature", "properties": { "MUNICIPIO": "Dionísio Cerqueira", "RANK": 64, "FREQ": 1, "LATITUDE": -26.27914, "LONGITUDE": -53.57556 }, "geometry": { "type": "Point", "coordinates": [ -53.57556, -26.27914 ] } },
{ "type": "Feature", "properties": { "MUNICIPIO": "Dionísio Cerqueira", "RANK": 65, "FREQ": 1, "LATITUDE": -26.28362, "LONGITUDE": -53.56171 }, "geometry": { "type": "Point", "coordinates": [ -53.56171, -26.28362 ] } },
{ "type": "Feature", "properties": { "MUNICIPIO": "Dionísio Cerqueira", "RANK": 66, "FREQ": 1, "LATITUDE": -26.29197, "LONGITUDE": -53.52901 }, "geometry": { "type": "Point", "coordinates": [ -53.52901, -26.29197 ] } },
{ "type": "Feature", "properties": { "MUNICIPIO": "Dionísio Cerqueira", "RANK": 67, "FREQ": 1, "LATITUDE": -26.27934, "LONGITUDE": -53.57439 }, "geometry": { "type": "Point", "coordinates": [ -53.57439, -26.27934 ] } },
{ "type": "Feature", "properties": { "MUNICIPIO": "Dionísio Cerqueira", "RANK": 68, "FREQ": 1, "LATITUDE": -26.27956, "LONGITUDE": -53.57314 }, "geometry": { "type": "Point", "coordinates": [ -53.57314, -26.27956 ] } },
{ "type": "Feature", "properties": { "MUNICIPIO": "Dionísio Cerqueira", "RANK": 69, "FREQ": 1, "LATITUDE": -26.2785, "LONGITUDE": -53.57912 }, "geometry": { "type": "Point", "coordinates": [ -53.57912, -26.2785 ] } },
{ "type": "Feature", "properties": { "MUNICIPIO": "Foz do Iguaçu", "RANK": 1, "FREQ": 4250, "LATITUDE": -25.575399757647101, "LONGITUDE": -54.555831331764701 }, "geometry": { "type": "Point", "coordinates": [ -54.555831331764701, -25.575399757647101 ] } },
{ "type": "Feature", "properties": { "MUNICIPIO": "Foz do Iguaçu", "RANK": 2, "FREQ": 1100, "LATITUDE": -25.558844909090901, "LONGITUDE": -54.562772363636398 }, "geometry": { "type": "Point", "coordinates": [ -54.562772363636398, -25.558844909090901 ] } },
{ "type": "Feature", "properties": { "MUNICIPIO": "Foz do Iguaçu", "RANK": 3, "FREQ": 881, "LATITUDE": -25.536687673098701, "LONGITUDE": -54.5647037797957 }, "geometry": { "type": "Point", "coordinates": [ -54.5647037797957, -25.536687673098701 ] } },
{ "type": "Feature", "properties": { "MUNICIPIO": "Foz do Iguaçu", "RANK": 4, "FREQ": 825, "LATITUDE": -25.525202012121198, "LONGITUDE": -54.578646872727298 }, "geometry": { "type": "Point", "coordinates": [ -54.578646872727298, -25.525202012121198 ] } },
{ "type": "Feature", "properties": { "MUNICIPIO": "Foz do Iguaçu", "RANK": 5, "FREQ": 699, "LATITUDE": -25.584459667525, "LONGITUDE": -54.5248421616595 }, "geometry": { "type": "Point", "coordinates": [ -54.5248421616595, -25.584459667525 ] } },
{ "type": "Feature", "properties": { "MUNICIPIO": "Foz do Iguaçu", "RANK": 6, "FREQ": 530, "LATITUDE": -25.6096881886792, "LONGITUDE": -54.561227415094301 }, "geometry": { "type": "Point", "coordinates": [ -54.561227415094301, -25.6096881886792 ] } },
{ "type": "Feature", "properties": { "MUNICIPIO": "Foz do Iguaçu", "RANK": 7, "FREQ": 420, "LATITUDE": -25.548166, "LONGITUDE": -54.564353 }, "geometry": { "type": "Point", "coordinates": [ -54.564353, -25.548166 ] } },
{ "type": "Feature", "properties": { "MUNICIPIO": "Foz do Iguaçu", "RANK": 8, "FREQ": 394, "LATITUDE": -25.506225913705599, "LONGITUDE": -54.584571649746202 }, "geometry": { "type": "Point", "coordinates": [ -54.584571649746202, -25.506225913705599 ] } },
{ "type": "Feature", "properties": { "MUNICIPIO": "Foz do Iguaçu", "RANK": 9, "FREQ": 363, "LATITUDE": -25.5346366666667, "LONGITUDE": -54.5699318181818 }, "geometry": { "type": "Point", "coordinates": [ -54.5699318181818, -25.5346366666667 ] } },
{ "type": "Feature", "properties": { "MUNICIPIO": "Foz do Iguaçu", "RANK": 10, "FREQ": 352, "LATITUDE": -25.5338040625, "LONGITUDE": -54.57590375 }, "geometry": { "type": "Point", "coordinates": [ -54.57590375, -25.5338040625 ] } },
{ "type": "Feature", "properties": { "MUNICIPIO": "Foz do Iguaçu", "RANK": 11, "FREQ": 340, "LATITUDE": -25.604320382352899, "LONGITUDE": -54.497610470588199 }, "geometry": { "type": "Point", "coordinates": [ -54.497610470588199, -25.604320382352899 ] } },
{ "type": "Feature", "properties": { "MUNICIPIO": "Foz do Iguaçu", "RANK": 12, "FREQ": 309, "LATITUDE": -25.612515421682801, "LONGITUDE": -54.484096163106798 }, "geometry": { "type": "Point", "coordinates": [ -54.484096163106798, -25.612515421682801 ] } },
{ "type": "Feature", "properties": { "MUNICIPIO": "Foz do Iguaçu", "RANK": 13, "FREQ": 304, "LATITUDE": -25.510919638157901, "LONGITUDE": -54.575328026315802 }, "geometry": { "type": "Point", "coordinates": [ -54.575328026315802, -25.510919638157901 ] } },
{ "type": "Feature", "properties": { "MUNICIPIO": "Foz do Iguaçu", "RANK": 14, "FREQ": 280, "LATITUDE": -25.563182857142898, "LONGITUDE": -54.559936428571397 }, "geometry": { "type": "Point", "coordinates": [ -54.559936428571397, -25.563182857142898 ] } },
{ "type": "Feature", "properties": { "MUNICIPIO": "Foz do Iguaçu", "RANK": 15, "FREQ": 273, "LATITUDE": -25.548795054945099, "LONGITUDE": -54.5774710989011 }, "geometry": { "type": "Point", "coordinates": [ -54.5774710989011, -25.548795054945099 ] } },
{ "type": "Feature", "properties": { "MUNICIPIO": "Foz do Iguaçu", "RANK": 16, "FREQ": 271, "LATITUDE": -25.4724750922509, "LONGITUDE": -54.587706678966804 }, "geometry": { "type": "Point", "coordinates": [ -54.587706678966804, -25.4724750922509 ] } },
{ "type": "Feature", "properties": { "MUNICIPIO": "Foz do Iguaçu", "RANK": 17, "FREQ": 265, "LATITUDE": -25.510570075471701, "LONGITUDE": -54.549396603773602 }, "geometry": { "type": "Point", "coordinates": [ -54.549396603773602, -25.510570075471701 ] } },
{ "type": "Feature", "properties": { "MUNICIPIO": "Foz do Iguaçu", "RANK": 18, "FREQ": 228, "LATITUDE": -25.623373157894701, "LONGITUDE": -54.550472456140398 }, "geometry": { "type": "Point", "coordinates": [ -54.550472456140398, -25.623373157894701 ] } },
{ "type": "Feature", "properties": { "MUNICIPIO": "Foz do Iguaçu", "RANK": 19, "FREQ": 214, "LATITUDE": -25.508550467289702, "LONGITUDE": -54.593693271028002 }, "geometry": { "type": "Point", "coordinates": [ -54.593693271028002, -25.508550467289702 ] } },
{ "type": "Feature", "properties": { "MUNICIPIO": "Foz do Iguaçu", "RANK": 20, "FREQ": 198, "LATITUDE": -25.598896464646501, "LONGITUDE": -54.561910808080803 }, "geometry": { "type": "Point", "coordinates": [ -54.561910808080803, -25.598896464646501 ] } },
{ "type": "Feature", "properties": { "MUNICIPIO": "Foz do Iguaçu", "RANK": 21, "FREQ": 198, "LATITUDE": -25.541645555555601, "LONGITUDE": -54.5653966666667 }, "geometry": { "type": "Point", "coordinates": [ -54.5653966666667, -25.541645555555601 ] } },
{ "type": "Feature", "properties": { "MUNICIPIO": "Foz do Iguaçu", "RANK": 22, "FREQ": 180, "LATITUDE": -25.544083666666701, "LONGITUDE": -54.5654262222222 }, "geometry": { "type": "Point", "coordinates": [ -54.5654262222222, -25.544083666666701 ] } },
{ "type": "Feature", "properties": { "MUNICIPIO": "Foz do Iguaçu", "RANK": 23, "FREQ": 174, "LATITUDE": -25.522786551724099, "LONGITUDE": -54.560445287356302 }, "geometry": { "type": "Point", "coordinates": [ -54.560445287356302, -25.522786551724099 ] } },
{ "type": "Feature", "properties": { "MUNICIPIO": "Foz do Iguaçu", "RANK": 24, "FREQ": 172, "LATITUDE": -25.4462150563953, "LONGITUDE": -54.585288358720902 }, "geometry": { "type": "Point", "coordinates": [ -54.585288358720902, -25.4462150563953 ] } },
{ "type": "Feature", "properties": { "MUNICIPIO": "Foz do Iguaçu", "RANK": 25, "FREQ": 165, "LATITUDE": -25.579961333333301, "LONGITUDE": -54.535082 }, "geometry": { "type": "Point", "coordinates": [ -54.535082, -25.579961333333301 ] } },
{ "type": "Feature", "properties": { "MUNICIPIO": "Foz do Iguaçu", "RANK": 26, "FREQ": 156, "LATITUDE": -25.460914358974399, "LONGITUDE": -54.5836525641026 }, "geometry": { "type": "Point", "coordinates": [ -54.5836525641026, -25.460914358974399 ] } },
{ "type": "Feature", "properties": { "MUNICIPIO": "Foz do Iguaçu", "RANK": 27, "FREQ": 144, "LATITUDE": -25.451664722222201, "LONGITUDE": -54.5847005555556 }, "geometry": { "type": "Point", "coordinates": [ -54.5847005555556, -25.451664722222201 ] } },
{ "type": "Feature", "properties": { "MUNICIPIO": "Foz do Iguaçu", "RANK": 28, "FREQ": 144, "LATITUDE": -25.478013333333301, "LONGITUDE": -54.584084166666699 }, "geometry": { "type": "Point", "coordinates": [ -54.584084166666699, -25.478013333333301 ] } },
{ "type": "Feature", "properties": { "MUNICIPIO": "Foz do Iguaçu", "RANK": 29, "FREQ": 140, "LATITUDE": -25.55263, "LONGITUDE": -54.564258571428603 }, "geometry": { "type": "Point", "coordinates": [ -54.564258571428603, -25.55263 ] } },
{ "type": "Feature", "properties": { "MUNICIPIO": "Foz do Iguaçu", "RANK": 30, "FREQ": 140, "LATITUDE": -25.554117142857098, "LONGITUDE": -54.564777142857103 }, "geometry": { "type": "Point", "coordinates": [ -54.564777142857103, -25.554117142857098 ] } },
{ "type": "Feature", "properties": { "MUNICIPIO": "Foz do Iguaçu", "RANK": 31, "FREQ": 129, "LATITUDE": -25.6781601550388, "LONGITUDE": -54.450999302325599 }, "geometry": { "type": "Point", "coordinates": [ -54.450999302325599, -25.6781601550388 ] } },
{ "type": "Feature", "properties": { "MUNICIPIO": "Foz do Iguaçu", "RANK": 32, "FREQ": 128, "LATITUDE": -25.60870784375, "LONGITUDE": -54.490162470312498 }, "geometry": { "type": "Point", "coordinates": [ -54.490162470312498, -25.60870784375 ] } },
{ "type": "Feature", "properties": { "MUNICIPIO": "Foz do Iguaçu", "RANK": 33, "FREQ": 124, "LATITUDE": -25.689317741935501, "LONGITUDE": -54.4590119354839 }, "geometry": { "type": "Point", "coordinates": [ -54.4590119354839, -25.689317741935501 ] } },
{ "type": "Feature", "properties": { "MUNICIPIO": "Foz do Iguaçu", "RANK": 34, "FREQ": 120, "LATITUDE": -25.683575, "LONGITUDE": -54.455121333333302 }, "geometry": { "type": "Point", "coordinates": [ -54.455121333333302, -25.683575 ] } },
{ "type": "Feature", "properties": { "MUNICIPIO": "Foz do Iguaçu", "RANK": 35, "FREQ": 102, "LATITUDE": -25.5505488235294, "LONGITUDE": -54.564593137254903 }, "geometry": { "type": "Point", "coordinates": [ -54.564593137254903, -25.5505488235294 ] } },
{ "type": "Feature", "properties": { "MUNICIPIO": "Foz do Iguaçu", "RANK": 36, "FREQ": 93, "LATITUDE": -25.5865193623656, "LONGITUDE": -54.583865423655901 }, "geometry": { "type": "Point", "coordinates": [ -54.583865423655901, -25.5865193623656 ] } },
{ "type": "Feature", "properties": { "MUNICIPIO": "Foz do Iguaçu", "RANK": 37, "FREQ": 91, "LATITUDE": -25.490762197802201, "LONGITUDE": -54.583912637362701 }, "geometry": { "type": "Point", "coordinates": [ -54.583912637362701, -25.490762197802201 ] } },
{ "type": "Feature", "properties": { "MUNICIPIO": "Foz do Iguaçu", "RANK": 38, "FREQ": 84, "LATITUDE": -25.511485, "LONGITUDE": -54.585038333333301 }, "geometry": { "type": "Point", "coordinates": [ -54.585038333333301, -25.511485 ] } },
{ "type": "Feature", "properties": { "MUNICIPIO": "Foz do Iguaçu", "RANK": 39, "FREQ": 84, "LATITUDE": -25.54636, "LONGITUDE": -54.56532 }, "geometry": { "type": "Point", "coordinates": [ -54.56532, -25.54636 ] } },
{ "type": "Feature", "properties": { "MUNICIPIO": "Foz do Iguaçu", "RANK": 40, "FREQ": 68, "LATITUDE": -25.668912352941199, "LONGITUDE": -54.498520588235301 }, "geometry": { "type": "Point", "coordinates": [ -54.498520588235301, -25.668912352941199 ] } },
{ "type": "Feature", "properties": { "MUNICIPIO": "Foz do Iguaçu", "RANK": 41, "FREQ": 66, "LATITUDE": -25.539376666666701, "LONGITUDE": -54.56519 }, "geometry": { "type": "Point", "coordinates": [ -54.56519, -25.539376666666701 ] } },
{ "type": "Feature", "properties": { "MUNICIPIO": "Foz do Iguaçu", "RANK": 42, "FREQ": 64, "LATITUDE": -25.5938675, "LONGITUDE": -54.5589075 }, "geometry": { "type": "Point", "coordinates": [ -54.5589075, -25.5938675 ] } },
{ "type": "Feature", "properties": { "MUNICIPIO": "Foz do Iguaçu", "RANK": 43, "FREQ": 63, "LATITUDE": -25.500591111111099, "LONGITUDE": -54.534111269841297 }, "geometry": { "type": "Point", "coordinates": [ -54.534111269841297, -25.500591111111099 ] } },
{ "type": "Feature", "properties": { "MUNICIPIO": "Foz do Iguaçu", "RANK": 44, "FREQ": 62, "LATITUDE": -25.579172580645199, "LONGITUDE": -54.582171290322599 }, "geometry": { "type": "Point", "coordinates": [ -54.582171290322599, -25.579172580645199 ] } },
{ "type": "Feature", "properties": { "MUNICIPIO": "Foz do Iguaçu", "RANK": 45, "FREQ": 60, "LATITUDE": -25.481438, "LONGITUDE": -54.582743 }, "geometry": { "type": "Point", "coordinates": [ -54.582743, -25.481438 ] } },
{ "type": "Feature", "properties": { "MUNICIPIO": "Foz do Iguaçu", "RANK": 46, "FREQ": 56, "LATITUDE": -25.5161275, "LONGITUDE": -54.58537 }, "geometry": { "type": "Point", "coordinates": [ -54.58537, -25.5161275 ] } },
{ "type": "Feature", "properties": { "MUNICIPIO": "Foz do Iguaçu", "RANK": 47, "FREQ": 56, "LATITUDE": -25.52, "LONGITUDE": -54.5857025 }, "geometry": { "type": "Point", "coordinates": [ -54.5857025, -25.52 ] } },
{ "type": "Feature", "properties": { "MUNICIPIO": "Foz do Iguaçu", "RANK": 48, "FREQ": 56, "LATITUDE": -25.569257857142901, "LONGITUDE": -54.5820317857143 }, "geometry": { "type": "Point", "coordinates": [ -54.5820317857143, -25.569257857142901 ] } },
{ "type": "Feature", "properties": { "MUNICIPIO": "Foz do Iguaçu", "RANK": 49, "FREQ": 56, "LATITUDE": -25.686923571428601, "LONGITUDE": -54.455757142857102 }, "geometry": { "type": "Point", "coordinates": [ -54.455757142857102, -25.686923571428601 ] } },
{ "type": "Feature", "properties": { "MUNICIPIO": "Foz do Iguaçu", "RANK": 50, "FREQ": 54, "LATITUDE": -25.484652222222199, "LONGITUDE": -54.582844444444397 }, "geometry": { "type": "Point", "coordinates": [ -54.582844444444397, -25.484652222222199 ] } },
{ "type": "Feature", "properties": { "MUNICIPIO": "Foz do Iguaçu", "RANK": 51, "FREQ": 49, "LATITUDE": -25.49419, "LONGITUDE": -54.583572857142897 }, "geometry": { "type": "Point", "coordinates": [ -54.583572857142897, -25.49419 ] } },
{ "type": "Feature", "properties": { "MUNICIPIO": "Foz do Iguaçu", "RANK": 52, "FREQ": 49, "LATITUDE": -25.464063877550998, "LONGITUDE": -54.561864693877602 }, "geometry": { "type": "Point", "coordinates": [ -54.561864693877602, -25.464063877550998 ] } },
{ "type": "Feature", "properties": { "MUNICIPIO": "Foz do Iguaçu", "RANK": 53, "FREQ": 48, "LATITUDE": -25.59528, "LONGITUDE": -54.511528333333302 }, "geometry": { "type": "Point", "coordinates": [ -54.511528333333302, -25.59528 ] } },
{ "type": "Feature", "properties": { "MUNICIPIO": "Foz do Iguaçu", "RANK": 54, "FREQ": 48, "LATITUDE": -25.589524166666699, "LONGITUDE": -54.58988375 }, "geometry": { "type": "Point", "coordinates": [ -54.58988375, -25.589524166666699 ] } },
{ "type": "Feature", "properties": { "MUNICIPIO": "Foz do Iguaçu", "RANK": 55, "FREQ": 48, "LATITUDE": -25.595324712499998, "LONGITUDE": -54.590046972916703 }, "geometry": { "type": "Point", "coordinates": [ -54.590046972916703, -25.595324712499998 ] } },
{ "type": "Feature", "properties": { "MUNICIPIO": "Foz do Iguaçu", "RANK": 56, "FREQ": 45, "LATITUDE": -25.598061517777801, "LONGITUDE": -54.489663346666703 }, "geometry": { "type": "Point", "coordinates": [ -54.489663346666703, -25.598061517777801 ] } },
{ "type": "Feature", "properties": { "MUNICIPIO": "Foz do Iguaçu", "RANK": 57, "FREQ": 44, "LATITUDE": -25.467997727272699, "LONGITUDE": -54.592013863636403 }, "geometry": { "type": "Point", "coordinates": [ -54.592013863636403, -25.467997727272699 ] } },
{ "type": "Feature", "properties": { "MUNICIPIO": "Foz do Iguaçu", "RANK": 58, "FREQ": 42, "LATITUDE": -25.535118557142901, "LONGITUDE": -54.5617092190476 }, "geometry": { "type": "Point", "coordinates": [ -54.5617092190476, -25.535118557142901 ] } },
{ "type": "Feature", "properties": { "MUNICIPIO": "Foz do Iguaçu", "RANK": 59, "FREQ": 42, "LATITUDE": -25.544261428571399, "LONGITUDE": -54.573627142857099 }, "geometry": { "type": "Point", "coordinates": [ -54.573627142857099, -25.544261428571399 ] } },
{ "type": "Feature", "properties": { "MUNICIPIO": "Foz do Iguaçu", "RANK": 60, "FREQ": 37, "LATITUDE": -25.491373513513501, "LONGITUDE": -54.546875135135103 }, "geometry": { "type": "Point", "coordinates": [ -54.546875135135103, -25.491373513513501 ] } },
{ "type": "Feature", "properties": { "MUNICIPIO": "Foz do Iguaçu", "RANK": 61, "FREQ": 36, "LATITUDE": -25.690518888888899, "LONGITUDE": -54.477932222222201 }, "geometry": { "type": "Point", "coordinates": [ -54.477932222222201, -25.690518888888899 ] } },
{ "type": "Feature", "properties": { "MUNICIPIO": "Foz do Iguaçu", "RANK": 62, "FREQ": 35, "LATITUDE": -25.499586, "LONGITUDE": -54.583916 }, "geometry": { "type": "Point", "coordinates": [ -54.583916, -25.499586 ] } },
{ "type": "Feature", "properties": { "MUNICIPIO": "Foz do Iguaçu", "RANK": 63, "FREQ": 35, "LATITUDE": -25.51813, "LONGITUDE": -54.585542 }, "geometry": { "type": "Point", "coordinates": [ -54.585542, -25.51813 ] } },
{ "type": "Feature", "properties": { "MUNICIPIO": "Foz do Iguaçu", "RANK": 64, "FREQ": 33, "LATITUDE": -25.57694, "LONGITUDE": -54.544053333333302 }, "geometry": { "type": "Point", "coordinates": [ -54.544053333333302, -25.57694 ] } },
{ "type": "Feature", "properties": { "MUNICIPIO": "Foz do Iguaçu", "RANK": 65, "FREQ": 32, "LATITUDE": -25.590905, "LONGITUDE": -54.5601175 }, "geometry": { "type": "Point", "coordinates": [ -54.5601175, -25.590905 ] } },
{ "type": "Feature", "properties": { "MUNICIPIO": "Foz do Iguaçu", "RANK": 66, "FREQ": 32, "LATITUDE": -25.556564375000001, "LONGITUDE": -54.5905075 }, "geometry": { "type": "Point", "coordinates": [ -54.5905075, -25.556564375 ] } },
{ "type": "Feature", "properties": { "MUNICIPIO": "Foz do Iguaçu", "RANK": 67, "FREQ": 32, "LATITUDE": -25.5979375, "LONGITUDE": -54.50767 }, "geometry": { "type": "Point", "coordinates": [ -54.50767, -25.5979375 ] } },
{ "type": "Feature", "properties": { "MUNICIPIO": "Foz do Iguaçu", "RANK": 68, "FREQ": 32, "LATITUDE": -25.592575, "LONGITUDE": -54.51481 }, "geometry": { "type": "Point", "coordinates": [ -54.51481, -25.592575 ] } },
{ "type": "Feature", "properties": { "MUNICIPIO": "Foz do Iguaçu", "RANK": 69, "FREQ": 31, "LATITUDE": -25.557542903225801, "LONGITUDE": -54.581329677419397 }, "geometry": { "type": "Point", "coordinates": [ -54.581329677419397, -25.557542903225801 ] } },
{ "type": "Feature", "properties": { "MUNICIPIO": "Foz do Iguaçu", "RANK": 70, "FREQ": 30, "LATITUDE": -25.5614526666667, "LONGITUDE": -54.581882666666701 }, "geometry": { "type": "Point", "coordinates": [ -54.581882666666701, -25.5614526666667 ] } },
{ "type": "Feature", "properties": { "MUNICIPIO": "Foz do Iguaçu", "RANK": 71, "FREQ": 28, "LATITUDE": -25.51352, "LONGITUDE": -54.585165 }, "geometry": { "type": "Point", "coordinates": [ -54.585165, -25.51352 ] } },
{ "type": "Feature", "properties": { "MUNICIPIO": "Foz do Iguaçu", "RANK": 72, "FREQ": 28, "LATITUDE": -25.4973, "LONGITUDE": -54.583775 }, "geometry": { "type": "Point", "coordinates": [ -54.583775, -25.4973 ] } },
{ "type": "Feature", "properties": { "MUNICIPIO": "Foz do Iguaçu", "RANK": 73, "FREQ": 28, "LATITUDE": -25.601393571428599, "LONGITUDE": -54.567002857142903 }, "geometry": { "type": "Point", "coordinates": [ -54.567002857142903, -25.601393571428599 ] } },
{ "type": "Feature", "properties": { "MUNICIPIO": "Foz do Iguaçu", "RANK": 74, "FREQ": 27, "LATITUDE": -25.486051851851901, "LONGITUDE": -54.555518888888898 }, "geometry": { "type": "Point", "coordinates": [ -54.555518888888898, -25.486051851851901 ] } },
{ "type": "Feature", "properties": { "MUNICIPIO": "Foz do Iguaçu", "RANK": 75, "FREQ": 27, "LATITUDE": -25.488880740740701, "LONGITUDE": -54.551971111111101 }, "geometry": { "type": "Point", "coordinates": [ -54.551971111111101, -25.488880740740701 ] } },
{ "type": "Feature", "properties": { "MUNICIPIO": "Foz do Iguaçu", "RANK": 76, "FREQ": 27, "LATITUDE": -25.601577777777798, "LONGITUDE": -54.4925022222222 }, "geometry": { "type": "Point", "coordinates": [ -54.4925022222222, -25.601577777777798 ] } },
{ "type": "Feature", "properties": { "MUNICIPIO": "Foz do Iguaçu", "RANK": 77, "FREQ": 25, "LATITUDE": -25.482404, "LONGITUDE": -54.5592108 }, "geometry": { "type": "Point", "coordinates": [ -54.5592108, -25.482404 ] } },
{ "type": "Feature", "properties": { "MUNICIPIO": "Foz do Iguaçu", "RANK": 78, "FREQ": 24, "LATITUDE": -25.6427816666667, "LONGITUDE": -54.5319966666667 }, "geometry": { "type": "Point", "coordinates": [ -54.5319966666667, -25.6427816666667 ] } },
{ "type": "Feature", "properties": { "MUNICIPIO": "Foz do Iguaçu", "RANK": 79, "FREQ": 21, "LATITUDE": -25.495909047619101, "LONGITUDE": -54.523236666666698 }, "geometry": { "type": "Point", "coordinates": [ -54.523236666666698, -25.495909047619101 ] } },
{ "type": "Feature", "properties": { "MUNICIPIO": "Foz do Iguaçu", "RANK": 80, "FREQ": 20, "LATITUDE": -25.59826, "LONGITUDE": -54.567262 }, "geometry": { "type": "Point", "coordinates": [ -54.567262, -25.59826 ] } },
{ "type": "Feature", "properties": { "MUNICIPIO": "Foz do Iguaçu", "RANK": 81, "FREQ": 20, "LATITUDE": -25.5000385, "LONGITUDE": -54.545194 }, "geometry": { "type": "Point", "coordinates": [ -54.545194, -25.5000385 ] } },
{ "type": "Feature", "properties": { "MUNICIPIO": "Foz do Iguaçu", "RANK": 82, "FREQ": 20, "LATITUDE": -25.530967, "LONGITUDE": -54.561059 }, "geometry": { "type": "Point", "coordinates": [ -54.561059, -25.530967 ] } },
{ "type": "Feature", "properties": { "MUNICIPIO": "Foz do Iguaçu", "RANK": 83, "FREQ": 20, "LATITUDE": -25.463016, "LONGITUDE": -54.5952625 }, "geometry": { "type": "Point", "coordinates": [ -54.5952625, -25.463016 ] } },
{ "type": "Feature", "properties": { "MUNICIPIO": "Foz do Iguaçu", "RANK": 84, "FREQ": 17, "LATITUDE": -25.4710523529412, "LONGITUDE": -54.561025294117698 }, "geometry": { "type": "Point", "coordinates": [ -54.561025294117698, -25.4710523529412 ] } },
{ "type": "Feature", "properties": { "MUNICIPIO": "Foz do Iguaçu", "RANK": 85, "FREQ": 16, "LATITUDE": -25.4555525, "LONGITUDE": -54.559954374999997 }, "geometry": { "type": "Point", "coordinates": [ -54.559954375, -25.4555525 ] } },
{ "type": "Feature", "properties": { "MUNICIPIO": "Foz do Iguaçu", "RANK": 86, "FREQ": 16, "LATITUDE": -25.5657943125, "LONGITUDE": -54.554271293749999 }, "geometry": { "type": "Point", "coordinates": [ -54.554271293749999, -25.5657943125 ] } },
{ "type": "Feature", "properties": { "MUNICIPIO": "Foz do Iguaçu", "RANK": 87, "FREQ": 16, "LATITUDE": -25.595955, "LONGITUDE": -54.5708225 }, "geometry": { "type": "Point", "coordinates": [ -54.5708225, -25.595955 ] } },
{ "type": "Feature", "properties": { "MUNICIPIO": "Foz do Iguaçu", "RANK": 88, "FREQ": 14, "LATITUDE": -25.605205714285699, "LONGITUDE": -54.5686692857143 }, "geometry": { "type": "Point", "coordinates": [ -54.5686692857143, -25.605205714285699 ] } },
{ "type": "Feature", "properties": { "MUNICIPIO": "Foz do Iguaçu", "RANK": 89, "FREQ": 14, "LATITUDE": -25.51452, "LONGITUDE": -54.58525 }, "geometry": { "type": "Point", "coordinates": [ -54.58525, -25.51452 ] } },
{ "type": "Feature", "properties": { "MUNICIPIO": "Foz do Iguaçu", "RANK": 90, "FREQ": 14, "LATITUDE": -25.49604, "LONGITUDE": -54.58373 }, "geometry": { "type": "Point", "coordinates": [ -54.58373, -25.49604 ] } },
{ "type": "Feature", "properties": { "MUNICIPIO": "Foz do Iguaçu", "RANK": 91, "FREQ": 13, "LATITUDE": -25.54797, "LONGITUDE": -54.5670784615385 }, "geometry": { "type": "Point", "coordinates": [ -54.5670784615385, -25.54797 ] } },
{ "type": "Feature", "properties": { "MUNICIPIO": "Foz do Iguaçu", "RANK": 92, "FREQ": 12, "LATITUDE": -25.63129, "LONGITUDE": -54.543013333333299 }, "geometry": { "type": "Point", "coordinates": [ -54.543013333333299, -25.63129 ] } },
{ "type": "Feature", "properties": { "MUNICIPIO": "Foz do Iguaçu", "RANK": 93, "FREQ": 12, "LATITUDE": -25.68876, "LONGITUDE": -54.47224 }, "geometry": { "type": "Point", "coordinates": [ -54.47224, -25.68876 ] } },
{ "type": "Feature", "properties": { "MUNICIPIO": "Foz do Iguaçu", "RANK": 94, "FREQ": 12, "LATITUDE": -25.654633333333301, "LONGITUDE": -54.5168 }, "geometry": { "type": "Point", "coordinates": [ -54.5168, -25.654633333333301 ] } },
{ "type": "Feature", "properties": { "MUNICIPIO": "Foz do Iguaçu", "RANK": 95, "FREQ": 12, "LATITUDE": -25.574833333333299, "LONGITUDE": -54.5821 }, "geometry": { "type": "Point", "coordinates": [ -54.5821, -25.574833333333299 ] } },
{ "type": "Feature", "properties": { "MUNICIPIO": "Foz do Iguaçu", "RANK": 96, "FREQ": 12, "LATITUDE": -25.48837, "LONGITUDE": -54.5831 }, "geometry": { "type": "Point", "coordinates": [ -54.5831, -25.48837 ] } },
{ "type": "Feature", "properties": { "MUNICIPIO": "Foz do Iguaçu", "RANK": 97, "FREQ": 12, "LATITUDE": -25.48727, "LONGITUDE": -54.58303 }, "geometry": { "type": "Point", "coordinates": [ -54.58303, -25.48727 ] } },
{ "type": "Feature", "properties": { "MUNICIPIO": "Foz do Iguaçu", "RANK": 98, "FREQ": 12, "LATITUDE": -25.673366666666698, "LONGITUDE": -54.49295 }, "geometry": { "type": "Point", "coordinates": [ -54.49295, -25.673366666666698 ] } },
{ "type": "Feature", "properties": { "MUNICIPIO": "Foz do Iguaçu", "RANK": 99, "FREQ": 12, "LATITUDE": -25.6412266666667, "LONGITUDE": -54.53376 }, "geometry": { "type": "Point", "coordinates": [ -54.53376, -25.6412266666667 ] } },
{ "type": "Feature", "properties": { "MUNICIPIO": "Foz do Iguaçu", "RANK": 100, "FREQ": 12, "LATITUDE": -25.62831, "LONGITUDE": -54.54589 }, "geometry": { "type": "Point", "coordinates": [ -54.54589, -25.62831 ] } },
{ "type": "Feature", "properties": { "MUNICIPIO": "Guaíra", "RANK": 1, "FREQ": 1502, "LATITUDE": -24.085918136418101, "LONGITUDE": -54.252763156324903 }, "geometry": { "type": "Point", "coordinates": [ -54.252763156324903, -24.085918136418101 ] } },
{ "type": "Feature", "properties": { "MUNICIPIO": "Guaíra", "RANK": 2, "FREQ": 814, "LATITUDE": -24.078223073218702, "LONGITUDE": -54.243290730466803 }, "geometry": { "type": "Point", "coordinates": [ -54.243290730466803, -24.078223073218702 ] } },
{ "type": "Feature", "properties": { "MUNICIPIO": "Guaíra", "RANK": 3, "FREQ": 188, "LATITUDE": -24.094406021808499, "LONGITUDE": -54.234572729255298 }, "geometry": { "type": "Point", "coordinates": [ -54.234572729255298, -24.094406021808499 ] } },
{ "type": "Feature", "properties": { "MUNICIPIO": "Guaíra", "RANK": 4, "FREQ": 141, "LATITUDE": -24.044182765957402, "LONGITUDE": -54.272977446808497 }, "geometry": { "type": "Point", "coordinates": [ -54.272977446808497, -24.044182765957402 ] } },
{ "type": "Feature", "properties": { "MUNICIPIO": "Guaíra", "RANK": 5, "FREQ": 139, "LATITUDE": -24.007626187050398, "LONGITUDE": -54.212320503597098 }, "geometry": { "type": "Point", "coordinates": [ -54.212320503597098, -24.007626187050398 ] } },
{ "type": "Feature", "properties": { "MUNICIPIO": "Guaíra", "RANK": 6, "FREQ": 108, "LATITUDE": -23.9934705555556, "LONGITUDE": -54.273716666666701 }, "geometry": { "type": "Point", "coordinates": [ -54.273716666666701, -23.9934705555556 ] } },
{ "type": "Feature", "properties": { "MUNICIPIO": "Guaíra", "RANK": 7, "FREQ": 107, "LATITUDE": -24.09527, "LONGITUDE": -54.203790560747699 }, "geometry": { "type": "Point", "coordinates": [ -54.203790560747699, -24.09527 ] } },
{ "type": "Feature", "properties": { "MUNICIPIO": "Guaíra", "RANK": 8, "FREQ": 106, "LATITUDE": -24.110496603773601, "LONGITUDE": -54.239204056603803 }, "geometry": { "type": "Point", "coordinates": [ -54.239204056603803, -24.110496603773601 ] } },
{ "type": "Feature", "properties": { "MUNICIPIO": "Guaíra", "RANK": 9, "FREQ": 105, "LATITUDE": -24.052586, "LONGITUDE": -54.263732571428598 }, "geometry": { "type": "Point", "coordinates": [ -54.263732571428598, -24.052586 ] } },
{ "type": "Feature", "properties": { "MUNICIPIO": "Guaíra", "RANK": 10, "FREQ": 95, "LATITUDE": -24.07983264, "LONGITUDE": -54.261116857894798 }, "geometry": { "type": "Point", "coordinates": [ -54.261116857894798, -24.07983264 ] } },
{ "type": "Feature", "properties": { "MUNICIPIO": "Guaíra", "RANK": 11, "FREQ": 75, "LATITUDE": -23.956244, "LONGITUDE": -54.2947988 }, "geometry": { "type": "Point", "coordinates": [ -54.2947988, -23.956244 ] } },
{ "type": "Feature", "properties": { "MUNICIPIO": "Guaíra", "RANK": 12, "FREQ": 67, "LATITUDE": -24.187068507462701, "LONGITUDE": -54.208155522388097 }, "geometry": { "type": "Point", "coordinates": [ -54.208155522388097, -24.187068507462701 ] } },
{ "type": "Feature", "properties": { "MUNICIPIO": "Guaíra", "RANK": 13, "FREQ": 64, "LATITUDE": -24.146904843750001, "LONGITUDE": -54.237878125000002 }, "geometry": { "type": "Point", "coordinates": [ -54.237878125, -24.146904843750001 ] } },
{ "type": "Feature", "properties": { "MUNICIPIO": "Guaíra", "RANK": 14, "FREQ": 63, "LATITUDE": -23.945319523809498, "LONGITUDE": -54.283255714285701 }, "geometry": { "type": "Point", "coordinates": [ -54.283255714285701, -23.945319523809498 ] } },
{ "type": "Feature", "properties": { "MUNICIPIO": "Guaíra", "RANK": 15, "FREQ": 60, "LATITUDE": -24.0245655, "LONGITUDE": -54.2869605 }, "geometry": { "type": "Point", "coordinates": [ -54.2869605, -24.0245655 ] } },
{ "type": "Feature", "properties": { "MUNICIPIO": "Guaíra", "RANK": 16, "FREQ": 57, "LATITUDE": -23.980794210526302, "LONGITUDE": -54.277014736842098 }, "geometry": { "type": "Point", "coordinates": [ -54.277014736842098, -23.980794210526302 ] } },
{ "type": "Feature", "properties": { "MUNICIPIO": "Guaíra", "RANK": 17, "FREQ": 54, "LATITUDE": -24.037535, "LONGITUDE": -54.28111 }, "geometry": { "type": "Point", "coordinates": [ -54.28111, -24.037535 ] } },
{ "type": "Feature", "properties": { "MUNICIPIO": "Guaíra", "RANK": 18, "FREQ": 53, "LATITUDE": -24.0837583018868, "LONGITUDE": -54.267974528301899 }, "geometry": { "type": "Point", "coordinates": [ -54.267974528301899, -24.0837583018868 ] } },
{ "type": "Feature", "properties": { "MUNICIPIO": "Guaíra", "RANK": 19, "FREQ": 48, "LATITUDE": -24.164928541666701, "LONGITUDE": -54.22536375 }, "geometry": { "type": "Point", "coordinates": [ -54.22536375, -24.164928541666701 ] } },
{ "type": "Feature", "properties": { "MUNICIPIO": "Guaíra", "RANK": 20, "FREQ": 46, "LATITUDE": -24.095651956521699, "LONGITUDE": -54.2423352173913 }, "geometry": { "type": "Point", "coordinates": [ -54.2423352173913, -24.095651956521699 ] } },
{ "type": "Feature", "properties": { "MUNICIPIO": "Guaíra", "RANK": 21, "FREQ": 45, "LATITUDE": -24.008554, "LONGITUDE": -54.271993333333299 }, "geometry": { "type": "Point", "coordinates": [ -54.271993333333299, -24.008554 ] } },
{ "type": "Feature", "properties": { "MUNICIPIO": "Guaíra", "RANK": 22, "FREQ": 45, "LATITUDE": -23.940484666666698, "LONGITUDE": -54.271788 }, "geometry": { "type": "Point", "coordinates": [ -54.271788, -23.940484666666698 ] } },
{ "type": "Feature", "properties": { "MUNICIPIO": "Guaíra", "RANK": 23, "FREQ": 44, "LATITUDE": -24.059986363636401, "LONGITUDE": -54.257030909090901 }, "geometry": { "type": "Point", "coordinates": [ -54.257030909090901, -24.059986363636401 ] } },
{ "type": "Feature", "properties": { "MUNICIPIO": "Guaíra", "RANK": 24, "FREQ": 37, "LATITUDE": -24.130092432432399, "LONGITUDE": -54.24033 }, "geometry": { "type": "Point", "coordinates": [ -54.24033, -24.130092432432399 ] } },
{ "type": "Feature", "properties": { "MUNICIPIO": "Guaíra", "RANK": 25, "FREQ": 36, "LATITUDE": -24.048576666666701, "LONGITUDE": -54.267904166666703 }, "geometry": { "type": "Point", "coordinates": [ -54.267904166666703, -24.048576666666701 ] } },
{ "type": "Feature", "properties": { "MUNICIPIO": "Guaíra", "RANK": 26, "FREQ": 35, "LATITUDE": -24.085720571428599, "LONGITUDE": -54.257018857142903 }, "geometry": { "type": "Point", "coordinates": [ -54.257018857142903, -24.085720571428599 ] } },
{ "type": "Feature", "properties": { "MUNICIPIO": "Guaíra", "RANK": 27, "FREQ": 33, "LATITUDE": -23.963279090909101, "LONGITUDE": -54.2849427272727 }, "geometry": { "type": "Point", "coordinates": [ -54.2849427272727, -23.963279090909101 ] } },
{ "type": "Feature", "properties": { "MUNICIPIO": "Guaíra", "RANK": 28, "FREQ": 26, "LATITUDE": -24.087068076923099, "LONGITUDE": -54.186875384615398 }, "geometry": { "type": "Point", "coordinates": [ -54.186875384615398, -24.087068076923099 ] } },
{ "type": "Feature", "properties": { "MUNICIPIO": "Guaíra", "RANK": 29, "FREQ": 25, "LATITUDE": -24.070628, "LONGITUDE": -54.248244 }, "geometry": { "type": "Point", "coordinates": [ -54.248244, -24.070628 ] } },
{ "type": "Feature", "properties": { "MUNICIPIO": "Guaíra", "RANK": 30, "FREQ": 24, "LATITUDE": -23.9430025, "LONGITUDE": -54.2808675 }, "geometry": { "type": "Point", "coordinates": [ -54.2808675, -23.9430025 ] } },
{ "type": "Feature", "properties": { "MUNICIPIO": "Guaíra", "RANK": 31, "FREQ": 24, "LATITUDE": -24.201105, "LONGITUDE": -54.2010795041667 }, "geometry": { "type": "Point", "coordinates": [ -54.2010795041667, -24.201105 ] } },
{ "type": "Feature", "properties": { "MUNICIPIO": "Guaíra", "RANK": 32, "FREQ": 24, "LATITUDE": -23.94058, "LONGITUDE": -54.2765375 }, "geometry": { "type": "Point", "coordinates": [ -54.2765375, -23.94058 ] } },
{ "type": "Feature", "properties": { "MUNICIPIO": "Guaíra", "RANK": 33, "FREQ": 23, "LATITUDE": -24.0835065217391, "LONGITUDE": -54.2606295652174 }, "geometry": { "type": "Point", "coordinates": [ -54.2606295652174, -24.0835065217391 ] } },
{ "type": "Feature", "properties": { "MUNICIPIO": "Guaíra", "RANK": 34, "FREQ": 20, "LATITUDE": -24.057626764999998, "LONGITUDE": -54.25898331 }, "geometry": { "type": "Point", "coordinates": [ -54.25898331, -24.057626765 ] } },
{ "type": "Feature", "properties": { "MUNICIPIO": "Guaíra", "RANK": 35, "FREQ": 18, "LATITUDE": -24.08731, "LONGITUDE": -54.247971111111099 }, "geometry": { "type": "Point", "coordinates": [ -54.247971111111099, -24.08731 ] } },
{ "type": "Feature", "properties": { "MUNICIPIO": "Guaíra", "RANK": 36, "FREQ": 18, "LATITUDE": -24.0903261111111, "LONGITUDE": -54.250348888888901 }, "geometry": { "type": "Point", "coordinates": [ -54.250348888888901, -24.0903261111111 ] } },
{ "type": "Feature", "properties": { "MUNICIPIO": "Guaíra", "RANK": 37, "FREQ": 18, "LATITUDE": -24.016906666666699, "LONGITUDE": -54.277791666666701 }, "geometry": { "type": "Point", "coordinates": [ -54.277791666666701, -24.016906666666699 ] } },
{ "type": "Feature", "properties": { "MUNICIPIO": "Guaíra", "RANK": 38, "FREQ": 18, "LATITUDE": -23.942481666666701, "LONGITUDE": -54.278905 }, "geometry": { "type": "Point", "coordinates": [ -54.278905, -23.942481666666701 ] } },
{ "type": "Feature", "properties": { "MUNICIPIO": "Guaíra", "RANK": 39, "FREQ": 17, "LATITUDE": -23.9421917647059, "LONGITUDE": -54.268560588235303 }, "geometry": { "type": "Point", "coordinates": [ -54.268560588235303, -23.9421917647059 ] } },
{ "type": "Feature", "properties": { "MUNICIPIO": "Guaíra", "RANK": 40, "FREQ": 16, "LATITUDE": -24.0919125, "LONGITUDE": -54.2484175 }, "geometry": { "type": "Point", "coordinates": [ -54.2484175, -24.0919125 ] } },
{ "type": "Feature", "properties": { "MUNICIPIO": "Guaíra", "RANK": 41, "FREQ": 16, "LATITUDE": -24.00530875, "LONGITUDE": -54.22307375 }, "geometry": { "type": "Point", "coordinates": [ -54.22307375, -24.00530875 ] } },
{ "type": "Feature", "properties": { "MUNICIPIO": "Guaíra", "RANK": 42, "FREQ": 15, "LATITUDE": -23.950094, "LONGITUDE": -54.288238 }, "geometry": { "type": "Point", "coordinates": [ -54.288238, -23.950094 ] } },
{ "type": "Feature", "properties": { "MUNICIPIO": "Guaíra", "RANK": 43, "FREQ": 15, "LATITUDE": -24.069393333333299, "LONGITUDE": -54.24926 }, "geometry": { "type": "Point", "coordinates": [ -54.24926, -24.069393333333299 ] } },
{ "type": "Feature", "properties": { "MUNICIPIO": "Guaíra", "RANK": 44, "FREQ": 15, "LATITUDE": -24.035034, "LONGITUDE": -54.283558 }, "geometry": { "type": "Point", "coordinates": [ -54.283558, -24.035034 ] } },
{ "type": "Feature", "properties": { "MUNICIPIO": "Guaíra", "RANK": 45, "FREQ": 12, "LATITUDE": -24.105039875, "LONGITUDE": -54.2634201083333 }, "geometry": { "type": "Point", "coordinates": [ -54.2634201083333, -24.105039875 ] } },
{ "type": "Feature", "properties": { "MUNICIPIO": "Guaíra", "RANK": 46, "FREQ": 12, "LATITUDE": -24.1014691666667, "LONGITUDE": -54.263286666666701 }, "geometry": { "type": "Point", "coordinates": [ -54.263286666666701, -24.1014691666667 ] } },
{ "type": "Feature", "properties": { "MUNICIPIO": "Guaíra", "RANK": 47, "FREQ": 12, "LATITUDE": -24.032505, "LONGITUDE": -54.28607 }, "geometry": { "type": "Point", "coordinates": [ -54.28607, -24.032505 ] } },
{ "type": "Feature", "properties": { "MUNICIPIO": "Guaíra", "RANK": 48, "FREQ": 12, "LATITUDE": -24.001815, "LONGITUDE": -54.27192 }, "geometry": { "type": "Point", "coordinates": [ -54.27192, -24.001815 ] } },
{ "type": "Feature", "properties": { "MUNICIPIO": "Guaíra", "RANK": 49, "FREQ": 12, "LATITUDE": -24.0774764083333, "LONGITUDE": -54.257356516666697 }, "geometry": { "type": "Point", "coordinates": [ -54.257356516666697, -24.0774764083333 ] } },
{ "type": "Feature", "properties": { "MUNICIPIO": "Guaíra", "RANK": 50, "FREQ": 12, "LATITUDE": -23.9463004083333, "LONGITUDE": -54.242664508333299 }, "geometry": { "type": "Point", "coordinates": [ -54.242664508333299, -23.9463004083333 ] } },
{ "type": "Feature", "properties": { "MUNICIPIO": "Guaíra", "RANK": 51, "FREQ": 12, "LATITUDE": -23.9685733333333, "LONGITUDE": -54.244719166666698 }, "geometry": { "type": "Point", "coordinates": [ -54.244719166666698, -23.9685733333333 ] } },
{ "type": "Feature", "properties": { "MUNICIPIO": "Guaíra", "RANK": 52, "FREQ": 11, "LATITUDE": -23.980937272727299, "LONGITUDE": -54.2293618181818 }, "geometry": { "type": "Point", "coordinates": [ -54.2293618181818, -23.980937272727299 ] } },
{ "type": "Feature", "properties": { "MUNICIPIO": "Guaíra", "RANK": 53, "FREQ": 10, "LATITUDE": -23.95833, "LONGITUDE": -54.254282 }, "geometry": { "type": "Point", "coordinates": [ -54.254282, -23.95833 ] } },
{ "type": "Feature", "properties": { "MUNICIPIO": "Guaíra", "RANK": 54, "FREQ": 10, "LATITUDE": -24.198337, "LONGITUDE": -54.20221 }, "geometry": { "type": "Point", "coordinates": [ -54.20221, -24.198337 ] } },
{ "type": "Feature", "properties": { "MUNICIPIO": "Guaíra", "RANK": 55, "FREQ": 10, "LATITUDE": -24.08089, "LONGITUDE": -54.256792 }, "geometry": { "type": "Point", "coordinates": [ -54.256792, -24.08089 ] } },
{ "type": "Feature", "properties": { "MUNICIPIO": "Guaíra", "RANK": 56, "FREQ": 9, "LATITUDE": -24.000616666666701, "LONGITUDE": -54.224073333333301 }, "geometry": { "type": "Point", "coordinates": [ -54.224073333333301, -24.000616666666701 ] } },
{ "type": "Feature", "properties": { "MUNICIPIO": "Guaíra", "RANK": 57, "FREQ": 9, "LATITUDE": -24.0809209111111, "LONGITUDE": -54.187085922222202 }, "geometry": { "type": "Point", "coordinates": [ -54.187085922222202, -24.0809209111111 ] } },
{ "type": "Feature", "properties": { "MUNICIPIO": "Guaíra", "RANK": 58, "FREQ": 9, "LATITUDE": -23.974733333333301, "LONGITUDE": -54.278933333333299 }, "geometry": { "type": "Point", "coordinates": [ -54.278933333333299, -23.974733333333301 ] } },
{ "type": "Feature", "properties": { "MUNICIPIO": "Guaíra", "RANK": 59, "FREQ": 9, "LATITUDE": -23.94053, "LONGITUDE": -54.274326666666703 }, "geometry": { "type": "Point", "coordinates": [ -54.274326666666703, -23.94053 ] } },
{ "type": "Feature", "properties": { "MUNICIPIO": "Guaíra", "RANK": 60, "FREQ": 9, "LATITUDE": -24.03037, "LONGITUDE": -54.28732 }, "geometry": { "type": "Point", "coordinates": [ -54.28732, -24.03037 ] } },
{ "type": "Feature", "properties": { "MUNICIPIO": "Guaíra", "RANK": 61, "FREQ": 9, "LATITUDE": -23.94159, "LONGITUDE": -54.269716666666703 }, "geometry": { "type": "Point", "coordinates": [ -54.269716666666703, -23.94159 ] } },
{ "type": "Feature", "properties": { "MUNICIPIO": "Guaíra", "RANK": 62, "FREQ": 8, "LATITUDE": -23.961665, "LONGITUDE": -54.2512175 }, "geometry": { "type": "Point", "coordinates": [ -54.2512175, -23.961665 ] } },
{ "type": "Feature", "properties": { "MUNICIPIO": "Guaíra", "RANK": 63, "FREQ": 8, "LATITUDE": -24.082335, "LONGITUDE": -54.249195 }, "geometry": { "type": "Point", "coordinates": [ -54.249195, -24.082335 ] } },
{ "type": "Feature", "properties": { "MUNICIPIO": "Guaíra", "RANK": 64, "FREQ": 8, "LATITUDE": -24.080741612499999, "LONGITUDE": -54.24859065 }, "geometry": { "type": "Point", "coordinates": [ -54.24859065, -24.080741612499999 ] } },
{ "type": "Feature", "properties": { "MUNICIPIO": "Guaíra", "RANK": 65, "FREQ": 8, "LATITUDE": -24.088435, "LONGITUDE": -54.2459575 }, "geometry": { "type": "Point", "coordinates": [ -54.2459575, -24.088435 ] } },
{ "type": "Feature", "properties": { "MUNICIPIO": "Guaíra", "RANK": 66, "FREQ": 7, "LATITUDE": -24.093242857142901, "LONGITUDE": -54.2464957142857 }, "geometry": { "type": "Point", "coordinates": [ -54.2464957142857, -24.093242857142901 ] } },
{ "type": "Feature", "properties": { "MUNICIPIO": "Guaíra", "RANK": 67, "FREQ": 7, "LATITUDE": -23.943898571428601, "LONGITUDE": -54.263522857142902 }, "geometry": { "type": "Point", "coordinates": [ -54.263522857142902, -23.943898571428601 ] } },
{ "type": "Feature", "properties": { "MUNICIPIO": "Guaíra", "RANK": 68, "FREQ": 7, "LATITUDE": -23.97414, "LONGITUDE": -54.235531428571399 }, "geometry": { "type": "Point", "coordinates": [ -54.235531428571399, -23.97414 ] } },
{ "type": "Feature", "properties": { "MUNICIPIO": "Guaíra", "RANK": 69, "FREQ": 6, "LATITUDE": -23.95311, "LONGITUDE": -54.29138 }, "geometry": { "type": "Point", "coordinates": [ -54.29138, -23.95311 ] } },
{ "type": "Feature", "properties": { "MUNICIPIO": "Guaíra", "RANK": 70, "FREQ": 6, "LATITUDE": -23.96673, "LONGITUDE": -54.28257 }, "geometry": { "type": "Point", "coordinates": [ -54.28257, -23.96673 ] } },
{ "type": "Feature", "properties": { "MUNICIPIO": "Guaíra", "RANK": 71, "FREQ": 6, "LATITUDE": -24.065660466666699, "LONGITUDE": -54.252334383333299 }, "geometry": { "type": "Point", "coordinates": [ -54.252334383333299, -24.065660466666699 ] } },
{ "type": "Feature", "properties": { "MUNICIPIO": "Guaíra", "RANK": 72, "FREQ": 6, "LATITUDE": -24.0187, "LONGITUDE": -54.2803 }, "geometry": { "type": "Point", "coordinates": [ -54.2803, -24.0187 ] } },
{ "type": "Feature", "properties": { "MUNICIPIO": "Guaíra", "RANK": 73, "FREQ": 6, "LATITUDE": -24.01234, "LONGITUDE": -54.273635 }, "geometry": { "type": "Point", "coordinates": [ -54.273635, -24.01234 ] } },
{ "type": "Feature", "properties": { "MUNICIPIO": "Guaíra", "RANK": 74, "FREQ": 6, "LATITUDE": -24.0143, "LONGITUDE": -54.27519 }, "geometry": { "type": "Point", "coordinates": [ -54.27519, -24.0143 ] } },
{ "type": "Feature", "properties": { "MUNICIPIO": "Guaíra", "RANK": 75, "FREQ": 6, "LATITUDE": -23.9464066666667, "LONGITUDE": -54.26527 }, "geometry": { "type": "Point", "coordinates": [ -54.26527, -23.9464066666667 ] } },
{ "type": "Feature", "properties": { "MUNICIPIO": "Guaíra", "RANK": 76, "FREQ": 6, "LATITUDE": -23.955396666666701, "LONGITUDE": -54.256956666666703 }, "geometry": { "type": "Point", "coordinates": [ -54.256956666666703, -23.955396666666701 ] } },
{ "type": "Feature", "properties": { "MUNICIPIO": "Guaíra", "RANK": 77, "FREQ": 6, "LATITUDE": -23.94773, "LONGITUDE": -54.28577 }, "geometry": { "type": "Point", "coordinates": [ -54.28577, -23.94773 ] } },
{ "type": "Feature", "properties": { "MUNICIPIO": "Guaíra", "RANK": 78, "FREQ": 6, "LATITUDE": -23.94077, "LONGITUDE": -54.27862 }, "geometry": { "type": "Point", "coordinates": [ -54.27862, -23.94077 ] } },
{ "type": "Feature", "properties": { "MUNICIPIO": "Guaíra", "RANK": 79, "FREQ": 6, "LATITUDE": -23.943685, "LONGITUDE": -54.252283333333303 }, "geometry": { "type": "Point", "coordinates": [ -54.252283333333303, -23.943685 ] } },
{ "type": "Feature", "properties": { "MUNICIPIO": "Guaíra", "RANK": 80, "FREQ": 6, "LATITUDE": -24.17492, "LONGITUDE": -54.21685 }, "geometry": { "type": "Point", "coordinates": [ -54.21685, -24.17492 ] } },
{ "type": "Feature", "properties": { "MUNICIPIO": "Guaíra", "RANK": 81, "FREQ": 5, "LATITUDE": -24.06741, "LONGITUDE": -54.25089 }, "geometry": { "type": "Point", "coordinates": [ -54.25089, -24.06741 ] } },
{ "type": "Feature", "properties": { "MUNICIPIO": "Guaíra", "RANK": 82, "FREQ": 4, "LATITUDE": -24.0842025, "LONGITUDE": -54.1862 }, "geometry": { "type": "Point", "coordinates": [ -54.1862, -24.0842025 ] } },
{ "type": "Feature", "properties": { "MUNICIPIO": "Guaíra", "RANK": 83, "FREQ": 4, "LATITUDE": -23.95081, "LONGITUDE": -54.261225 }, "geometry": { "type": "Point", "coordinates": [ -54.261225, -23.95081 ] } },
{ "type": "Feature", "properties": { "MUNICIPIO": "Guaíra", "RANK": 84, "FREQ": 4, "LATITUDE": -24.06386, "LONGITUDE": -54.25383 }, "geometry": { "type": "Point", "coordinates": [ -54.25383, -24.06386 ] } },
{ "type": "Feature", "properties": { "MUNICIPIO": "Guaíra", "RANK": 85, "FREQ": 4, "LATITUDE": -24.06286, "LONGITUDE": -54.25466 }, "geometry": { "type": "Point", "coordinates": [ -54.25466, -24.06286 ] } },
{ "type": "Feature", "properties": { "MUNICIPIO": "Guaíra", "RANK": 86, "FREQ": 4, "LATITUDE": -24.06147, "LONGITUDE": -54.2558 }, "geometry": { "type": "Point", "coordinates": [ -54.2558, -24.06147 ] } },
{ "type": "Feature", "properties": { "MUNICIPIO": "Guaíra", "RANK": 87, "FREQ": 4, "LATITUDE": -24.08782, "LONGITUDE": -54.24686 }, "geometry": { "type": "Point", "coordinates": [ -54.24686, -24.08782 ] } },
{ "type": "Feature", "properties": { "MUNICIPIO": "Guaíra", "RANK": 88, "FREQ": 4, "LATITUDE": -24.093765, "LONGITUDE": -54.2449375 }, "geometry": { "type": "Point", "coordinates": [ -54.2449375, -24.093765 ] } },
{ "type": "Feature", "properties": { "MUNICIPIO": "Guaíra", "RANK": 89, "FREQ": 4, "LATITUDE": -23.99099, "LONGITUDE": -54.225455 }, "geometry": { "type": "Point", "coordinates": [ -54.225455, -23.99099 ] } },
{ "type": "Feature", "properties": { "MUNICIPIO": "Guaíra", "RANK": 90, "FREQ": 3, "LATITUDE": -24.00319, "LONGITUDE": -54.225163333333299 }, "geometry": { "type": "Point", "coordinates": [ -54.225163333333299, -24.00319 ] } },
{ "type": "Feature", "properties": { "MUNICIPIO": "Guaíra", "RANK": 91, "FREQ": 3, "LATITUDE": -23.97275, "LONGITUDE": -54.2798 }, "geometry": { "type": "Point", "coordinates": [ -54.2798, -23.97275 ] } },
{ "type": "Feature", "properties": { "MUNICIPIO": "Guaíra", "RANK": 92, "FREQ": 3, "LATITUDE": -23.97188, "LONGITUDE": -54.28021 }, "geometry": { "type": "Point", "coordinates": [ -54.28021, -23.97188 ] } },
{ "type": "Feature", "properties": { "MUNICIPIO": "Guaíra", "RANK": 93, "FREQ": 3, "LATITUDE": -23.9709, "LONGITUDE": -54.28062 }, "geometry": { "type": "Point", "coordinates": [ -54.28062, -23.9709 ] } },
{ "type": "Feature", "properties": { "MUNICIPIO": "Guaíra", "RANK": 94, "FREQ": 3, "LATITUDE": -24.01975, "LONGITUDE": -54.28201 }, "geometry": { "type": "Point", "coordinates": [ -54.28201, -24.01975 ] } },
{ "type": "Feature", "properties": { "MUNICIPIO": "Guaíra", "RANK": 95, "FREQ": 3, "LATITUDE": -23.96111, "LONGITUDE": -54.28823 }, "geometry": { "type": "Point", "coordinates": [ -54.28823, -23.96111 ] } },
{ "type": "Feature", "properties": { "MUNICIPIO": "Guaíra", "RANK": 96, "FREQ": 3, "LATITUDE": -23.96011, "LONGITUDE": -54.29024 }, "geometry": { "type": "Point", "coordinates": [ -54.29024, -23.96011 ] } },
{ "type": "Feature", "properties": { "MUNICIPIO": "Guaíra", "RANK": 97, "FREQ": 3, "LATITUDE": -23.95812, "LONGITUDE": -54.29402 }, "geometry": { "type": "Point", "coordinates": [ -54.29402, -23.95812 ] } },
{ "type": "Feature", "properties": { "MUNICIPIO": "Guaíra", "RANK": 98, "FREQ": 3, "LATITUDE": -23.95885, "LONGITUDE": -54.29261 }, "geometry": { "type": "Point", "coordinates": [ -54.29261, -23.95885 ] } },
{ "type": "Feature", "properties": { "MUNICIPIO": "Guaíra", "RANK": 99, "FREQ": 3, "LATITUDE": -23.96812, "LONGITUDE": -54.28191 }, "geometry": { "type": "Point", "coordinates": [ -54.28191, -23.96812 ] } },
{ "type": "Feature", "properties": { "MUNICIPIO": "Guaíra", "RANK": 100, "FREQ": 3, "LATITUDE": -23.96967, "LONGITUDE": -54.28118 }, "geometry": { "type": "Point", "coordinates": [ -54.28118, -23.96967 ] } },
{ "type": "Feature", "properties": { "MUNICIPIO": "Medianeira", "RANK": 1, "FREQ": 841, "LATITUDE": -25.2833391625446, "LONGITUDE": -54.0950347197384 }, "geometry": { "type": "Point", "coordinates": [ -54.0950347197384, -25.2833391625446 ] } },
{ "type": "Feature", "properties": { "MUNICIPIO": "Medianeira", "RANK": 2, "FREQ": 148, "LATITUDE": -25.301263783783799, "LONGITUDE": -54.081742432432399 }, "geometry": { "type": "Point", "coordinates": [ -54.081742432432399, -25.301263783783799 ] } },
{ "type": "Feature", "properties": { "MUNICIPIO": "Medianeira", "RANK": 3, "FREQ": 125, "LATITUDE": -25.202366683200001, "LONGITUDE": -54.066804828000002 }, "geometry": { "type": "Point", "coordinates": [ -54.066804828, -25.202366683200001 ] } },
{ "type": "Feature", "properties": { "MUNICIPIO": "Medianeira", "RANK": 4, "FREQ": 118, "LATITUDE": -25.306687881355899, "LONGITUDE": -54.077915169491497 }, "geometry": { "type": "Point", "coordinates": [ -54.077915169491497, -25.306687881355899 ] } },
{ "type": "Feature", "properties": { "MUNICIPIO": "Medianeira", "RANK": 5, "FREQ": 114, "LATITUDE": -25.237338421052598, "LONGITUDE": -54.087011315789503 }, "geometry": { "type": "Point", "coordinates": [ -54.087011315789503, -25.237338421052598 ] } },
{ "type": "Feature", "properties": { "MUNICIPIO": "Medianeira", "RANK": 6, "FREQ": 89, "LATITUDE": -25.311195393258402, "LONGITUDE": -54.034946292134798 }, "geometry": { "type": "Point", "coordinates": [ -54.034946292134798, -25.311195393258402 ] } },
{ "type": "Feature", "properties": { "MUNICIPIO": "Medianeira", "RANK": 7, "FREQ": 84, "LATITUDE": -25.298666190476201, "LONGITUDE": -54.086737142857103 }, "geometry": { "type": "Point", "coordinates": [ -54.086737142857103, -25.298666190476201 ] } },
{ "type": "Feature", "properties": { "MUNICIPIO": "Medianeira", "RANK": 8, "FREQ": 84, "LATITUDE": -25.2103895238095, "LONGITUDE": -54.073804285714303 }, "geometry": { "type": "Point", "coordinates": [ -54.073804285714303, -25.2103895238095 ] } },
{ "type": "Feature", "properties": { "MUNICIPIO": "Medianeira", "RANK": 9, "FREQ": 77, "LATITUDE": -25.239775196103899, "LONGITUDE": -54.063271166233797 }, "geometry": { "type": "Point", "coordinates": [ -54.063271166233797, -25.239775196103899 ] } },
{ "type": "Feature", "properties": { "MUNICIPIO": "Medianeira", "RANK": 10, "FREQ": 50, "LATITUDE": -25.1955902, "LONGITUDE": -54.063699 }, "geometry": { "type": "Point", "coordinates": [ -54.063699, -25.1955902 ] } },
{ "type": "Feature", "properties": { "MUNICIPIO": "Medianeira", "RANK": 11, "FREQ": 48, "LATITUDE": -25.2421225, "LONGITUDE": -54.09230375 }, "geometry": { "type": "Point", "coordinates": [ -54.09230375, -25.2421225 ] } },
{ "type": "Feature", "properties": { "MUNICIPIO": "Medianeira", "RANK": 12, "FREQ": 46, "LATITUDE": -25.303869347826101, "LONGITUDE": -54.072948260869602 }, "geometry": { "type": "Point", "coordinates": [ -54.072948260869602, -25.303869347826101 ] } },
{ "type": "Feature", "properties": { "MUNICIPIO": "Medianeira", "RANK": 13, "FREQ": 39, "LATITUDE": -25.249536923076899, "LONGITUDE": -54.098056153846201 }, "geometry": { "type": "Point", "coordinates": [ -54.098056153846201, -25.249536923076899 ] } },
{ "type": "Feature", "properties": { "MUNICIPIO": "Medianeira", "RANK": 14, "FREQ": 39, "LATITUDE": -25.2697051282051, "LONGITUDE": -54.060950512820497 }, "geometry": { "type": "Point", "coordinates": [ -54.060950512820497, -25.2697051282051 ] } },
{ "type": "Feature", "properties": { "MUNICIPIO": "Medianeira", "RANK": 15, "FREQ": 36, "LATITUDE": -25.215482777777801, "LONGITUDE": -54.081156666666701 }, "geometry": { "type": "Point", "coordinates": [ -54.081156666666701, -25.215482777777801 ] } },
{ "type": "Feature", "properties": { "MUNICIPIO": "Medianeira", "RANK": 16, "FREQ": 32, "LATITUDE": -25.31663375, "LONGITUDE": -54.046111875000001 }, "geometry": { "type": "Point", "coordinates": [ -54.046111875, -25.31663375 ] } },
{ "type": "Feature", "properties": { "MUNICIPIO": "Medianeira", "RANK": 17, "FREQ": 28, "LATITUDE": -25.3147014285714, "LONGITUDE": -54.061243571428598 }, "geometry": { "type": "Point", "coordinates": [ -54.061243571428598, -25.3147014285714 ] } },
{ "type": "Feature", "properties": { "MUNICIPIO": "Medianeira", "RANK": 18, "FREQ": 26, "LATITUDE": -25.265174615384598, "LONGITUDE": -54.053383076923097 }, "geometry": { "type": "Point", "coordinates": [ -54.053383076923097, -25.265174615384598 ] } },
{ "type": "Feature", "properties": { "MUNICIPIO": "Medianeira", "RANK": 19, "FREQ": 26, "LATITUDE": -25.251915769230799, "LONGITUDE": -54.054385384615401 }, "geometry": { "type": "Point", "coordinates": [ -54.054385384615401, -25.251915769230799 ] } },
{ "type": "Feature", "properties": { "MUNICIPIO": "Medianeira", "RANK": 20, "FREQ": 26, "LATITUDE": -25.187051211538499, "LONGITUDE": -54.046301396153801 }, "geometry": { "type": "Point", "coordinates": [ -54.046301396153801, -25.187051211538499 ] } },
{ "type": "Feature", "properties": { "MUNICIPIO": "Medianeira", "RANK": 21, "FREQ": 25, "LATITUDE": -25.2616572, "LONGITUDE": -54.0488532 }, "geometry": { "type": "Point", "coordinates": [ -54.0488532, -25.2616572 ] } },
{ "type": "Feature", "properties": { "MUNICIPIO": "Medianeira", "RANK": 22, "FREQ": 20, "LATITUDE": -25.29829, "LONGITUDE": -54.052559 }, "geometry": { "type": "Point", "coordinates": [ -54.052559, -25.29829 ] } },
{ "type": "Feature", "properties": { "MUNICIPIO": "Medianeira", "RANK": 23, "FREQ": 20, "LATITUDE": -25.29101, "LONGITUDE": -54.096935 }, "geometry": { "type": "Point", "coordinates": [ -54.096935, -25.29101 ] } },
{ "type": "Feature", "properties": { "MUNICIPIO": "Medianeira", "RANK": 24, "FREQ": 18, "LATITUDE": -25.22439, "LONGITUDE": -54.084943888888901 }, "geometry": { "type": "Point", "coordinates": [ -54.084943888888901, -25.22439 ] } },
{ "type": "Feature", "properties": { "MUNICIPIO": "Medianeira", "RANK": 25, "FREQ": 16, "LATITUDE": -25.29666, "LONGITUDE": -54.09051 }, "geometry": { "type": "Point", "coordinates": [ -54.09051, -25.29666 ] } },
{ "type": "Feature", "properties": { "MUNICIPIO": "Medianeira", "RANK": 26, "FREQ": 16, "LATITUDE": -25.30507268125, "LONGITUDE": -54.10175796875 }, "geometry": { "type": "Point", "coordinates": [ -54.10175796875, -25.30507268125 ] } },
{ "type": "Feature", "properties": { "MUNICIPIO": "Medianeira", "RANK": 27, "FREQ": 16, "LATITUDE": -25.314731875, "LONGITUDE": -54.0259575 }, "geometry": { "type": "Point", "coordinates": [ -54.0259575, -25.314731875 ] } },
{ "type": "Feature", "properties": { "MUNICIPIO": "Medianeira", "RANK": 28, "FREQ": 15, "LATITUDE": -25.2948466666667, "LONGITUDE": -54.090285333333298 }, "geometry": { "type": "Point", "coordinates": [ -54.090285333333298, -25.2948466666667 ] } },
{ "type": "Feature", "properties": { "MUNICIPIO": "Medianeira", "RANK": 29, "FREQ": 14, "LATITUDE": -25.279940714285701, "LONGITUDE": -54.078317857142899 }, "geometry": { "type": "Point", "coordinates": [ -54.078317857142899, -25.279940714285701 ] } },
{ "type": "Feature", "properties": { "MUNICIPIO": "Medianeira", "RANK": 30, "FREQ": 12, "LATITUDE": -25.295219625000001, "LONGITUDE": -54.088159525000002 }, "geometry": { "type": "Point", "coordinates": [ -54.088159525, -25.295219625 ] } },
{ "type": "Feature", "properties": { "MUNICIPIO": "Medianeira", "RANK": 31, "FREQ": 12, "LATITUDE": -25.257995, "LONGITUDE": -54.09792 }, "geometry": { "type": "Point", "coordinates": [ -54.09792, -25.257995 ] } },
{ "type": "Feature", "properties": { "MUNICIPIO": "Medianeira", "RANK": 32, "FREQ": 12, "LATITUDE": -25.3185575, "LONGITUDE": -54.02253 }, "geometry": { "type": "Point", "coordinates": [ -54.02253, -25.3185575 ] } },
{ "type": "Feature", "properties": { "MUNICIPIO": "Medianeira", "RANK": 33, "FREQ": 11, "LATITUDE": -25.299905454545499, "LONGITUDE": -54.064846363636399 }, "geometry": { "type": "Point", "coordinates": [ -54.064846363636399, -25.299905454545499 ] } },
{ "type": "Feature", "properties": { "MUNICIPIO": "Medianeira", "RANK": 34, "FREQ": 10, "LATITUDE": -25.29211, "LONGITUDE": -54.09663 }, "geometry": { "type": "Point", "coordinates": [ -54.09663, -25.29211 ] } },
{ "type": "Feature", "properties": { "MUNICIPIO": "Medianeira", "RANK": 35, "FREQ": 10, "LATITUDE": -25.319972, "LONGITUDE": -54.052168 }, "geometry": { "type": "Point", "coordinates": [ -54.052168, -25.319972 ] } },
{ "type": "Feature", "properties": { "MUNICIPIO": "Medianeira", "RANK": 36, "FREQ": 10, "LATITUDE": -25.27781, "LONGITUDE": -54.074689 }, "geometry": { "type": "Point", "coordinates": [ -54.074689, -25.27781 ] } },
{ "type": "Feature", "properties": { "MUNICIPIO": "Medianeira", "RANK": 37, "FREQ": 10, "LATITUDE": -25.281511, "LONGITUDE": -54.08096 }, "geometry": { "type": "Point", "coordinates": [ -54.08096, -25.281511 ] } },
{ "type": "Feature", "properties": { "MUNICIPIO": "Medianeira", "RANK": 38, "FREQ": 10, "LATITUDE": -25.2889, "LONGITUDE": -54.09756 }, "geometry": { "type": "Point", "coordinates": [ -54.09756, -25.2889 ] } },
{ "type": "Feature", "properties": { "MUNICIPIO": "Medianeira", "RANK": 39, "FREQ": 10, "LATITUDE": -25.28993, "LONGITUDE": -54.09728 }, "geometry": { "type": "Point", "coordinates": [ -54.09728, -25.28993 ] } },
{ "type": "Feature", "properties": { "MUNICIPIO": "Medianeira", "RANK": 40, "FREQ": 10, "LATITUDE": -25.28866, "LONGITUDE": -54.09641 }, "geometry": { "type": "Point", "coordinates": [ -54.09641, -25.28866 ] } },
{ "type": "Feature", "properties": { "MUNICIPIO": "Medianeira", "RANK": 41, "FREQ": 9, "LATITUDE": -25.246456666666699, "LONGITUDE": -54.095753333333299 }, "geometry": { "type": "Point", "coordinates": [ -54.095753333333299, -25.246456666666699 ] } },
{ "type": "Feature", "properties": { "MUNICIPIO": "Medianeira", "RANK": 42, "FREQ": 9, "LATITUDE": -25.2552466666667, "LONGITUDE": -54.09813 }, "geometry": { "type": "Point", "coordinates": [ -54.09813, -25.2552466666667 ] } },
{ "type": "Feature", "properties": { "MUNICIPIO": "Medianeira", "RANK": 43, "FREQ": 9, "LATITUDE": -25.2533766666667, "LONGITUDE": -54.098253333333297 }, "geometry": { "type": "Point", "coordinates": [ -54.098253333333297, -25.2533766666667 ] } },
{ "type": "Feature", "properties": { "MUNICIPIO": "Medianeira", "RANK": 44, "FREQ": 8, "LATITUDE": -25.31284, "LONGITUDE": -54.06489 }, "geometry": { "type": "Point", "coordinates": [ -54.06489, -25.31284 ] } },
{ "type": "Feature", "properties": { "MUNICIPIO": "Medianeira", "RANK": 45, "FREQ": 8, "LATITUDE": -25.296965225000001, "LONGITUDE": -54.038353487499997 }, "geometry": { "type": "Point", "coordinates": [ -54.038353487499997, -25.296965225 ] } },
{ "type": "Feature", "properties": { "MUNICIPIO": "Medianeira", "RANK": 46, "FREQ": 7, "LATITUDE": -25.302765714285702, "LONGITUDE": -54.101275714285698 }, "geometry": { "type": "Point", "coordinates": [ -54.101275714285698, -25.302765714285702 ] } },
{ "type": "Feature", "properties": { "MUNICIPIO": "Medianeira", "RANK": 47, "FREQ": 6, "LATITUDE": -25.311073333333301, "LONGITUDE": -54.06837 }, "geometry": { "type": "Point", "coordinates": [ -54.06837, -25.311073333333301 ] } },
{ "type": "Feature", "properties": { "MUNICIPIO": "Medianeira", "RANK": 48, "FREQ": 6, "LATITUDE": -25.219573333333301, "LONGITUDE": -54.08294 }, "geometry": { "type": "Point", "coordinates": [ -54.08294, -25.219573333333301 ] } },
{ "type": "Feature", "properties": { "MUNICIPIO": "Medianeira", "RANK": 49, "FREQ": 6, "LATITUDE": -25.256355, "LONGITUDE": -54.09808 }, "geometry": { "type": "Point", "coordinates": [ -54.09808, -25.256355 ] } },
{ "type": "Feature", "properties": { "MUNICIPIO": "Medianeira", "RANK": 50, "FREQ": 6, "LATITUDE": -25.230465, "LONGITUDE": -54.084995 }, "geometry": { "type": "Point", "coordinates": [ -54.084995, -25.230465 ] } },
{ "type": "Feature", "properties": { "MUNICIPIO": "Medianeira", "RANK": 51, "FREQ": 6, "LATITUDE": -25.2219533333333, "LONGITUDE": -54.083966666666697 }, "geometry": { "type": "Point", "coordinates": [ -54.083966666666697, -25.2219533333333 ] } },
{ "type": "Feature", "properties": { "MUNICIPIO": "Medianeira", "RANK": 52, "FREQ": 6, "LATITUDE": -25.3145733333333, "LONGITUDE": -54.04038 }, "geometry": { "type": "Point", "coordinates": [ -54.04038, -25.3145733333333 ] } },
{ "type": "Feature", "properties": { "MUNICIPIO": "Medianeira", "RANK": 53, "FREQ": 5, "LATITUDE": -25.26678, "LONGITUDE": -54.056008 }, "geometry": { "type": "Point", "coordinates": [ -54.056008, -25.26678 ] } },
{ "type": "Feature", "properties": { "MUNICIPIO": "Medianeira", "RANK": 54, "FREQ": 5, "LATITUDE": -25.29746, "LONGITUDE": -54.044034 }, "geometry": { "type": "Point", "coordinates": [ -54.044034, -25.29746 ] } },
{ "type": "Feature", "properties": { "MUNICIPIO": "Medianeira", "RANK": 55, "FREQ": 4, "LATITUDE": -25.25555, "LONGITUDE": -54.05191 }, "geometry": { "type": "Point", "coordinates": [ -54.05191, -25.25555 ] } },
{ "type": "Feature", "properties": { "MUNICIPIO": "Medianeira", "RANK": 56, "FREQ": 4, "LATITUDE": -25.31188, "LONGITUDE": -54.066795 }, "geometry": { "type": "Point", "coordinates": [ -54.066795, -25.31188 ] } },
{ "type": "Feature", "properties": { "MUNICIPIO": "Medianeira", "RANK": 57, "FREQ": 4, "LATITUDE": -25.309105, "LONGITUDE": -54.07557 }, "geometry": { "type": "Point", "coordinates": [ -54.07557, -25.309105 ] } },
{ "type": "Feature", "properties": { "MUNICIPIO": "Medianeira", "RANK": 58, "FREQ": 4, "LATITUDE": -25.1888475, "LONGITUDE": -54.05411 }, "geometry": { "type": "Point", "coordinates": [ -54.05411, -25.1888475 ] } },
{ "type": "Feature", "properties": { "MUNICIPIO": "Medianeira", "RANK": 59, "FREQ": 3, "LATITUDE": -25.314776666666699, "LONGITUDE": -54.035953333333303 }, "geometry": { "type": "Point", "coordinates": [ -54.035953333333303, -25.314776666666699 ] } },
{ "type": "Feature", "properties": { "MUNICIPIO": "Medianeira", "RANK": 60, "FREQ": 3, "LATITUDE": -25.22712, "LONGITUDE": -54.08503 }, "geometry": { "type": "Point", "coordinates": [ -54.08503, -25.22712 ] } },
{ "type": "Feature", "properties": { "MUNICIPIO": "Medianeira", "RANK": 61, "FREQ": 3, "LATITUDE": -25.27458, "LONGITUDE": -54.06922 }, "geometry": { "type": "Point", "coordinates": [ -54.06922, -25.27458 ] } },
{ "type": "Feature", "properties": { "MUNICIPIO": "Medianeira", "RANK": 62, "FREQ": 3, "LATITUDE": -25.25952, "LONGITUDE": -54.09784 }, "geometry": { "type": "Point", "coordinates": [ -54.09784, -25.25952 ] } },
{ "type": "Feature", "properties": { "MUNICIPIO": "Medianeira", "RANK": 63, "FREQ": 3, "LATITUDE": -25.2989766666667, "LONGITUDE": -54.058783333333302 }, "geometry": { "type": "Point", "coordinates": [ -54.058783333333302, -25.2989766666667 ] } },
{ "type": "Feature", "properties": { "MUNICIPIO": "Medianeira", "RANK": 64, "FREQ": 3, "LATITUDE": -25.23224, "LONGITUDE": -54.08495 }, "geometry": { "type": "Point", "coordinates": [ -54.08495, -25.23224 ] } },
{ "type": "Feature", "properties": { "MUNICIPIO": "Medianeira", "RANK": 65, "FREQ": 2, "LATITUDE": -25.299275, "LONGITUDE": -54.061675 }, "geometry": { "type": "Point", "coordinates": [ -54.061675, -25.299275 ] } },
{ "type": "Feature", "properties": { "MUNICIPIO": "Medianeira", "RANK": 66, "FREQ": 2, "LATITUDE": -25.31773, "LONGITUDE": -54.05587 }, "geometry": { "type": "Point", "coordinates": [ -54.05587, -25.31773 ] } },
{ "type": "Feature", "properties": { "MUNICIPIO": "Medianeira", "RANK": 67, "FREQ": 2, "LATITUDE": -25.297185, "LONGITUDE": -54.04117 }, "geometry": { "type": "Point", "coordinates": [ -54.04117, -25.297185 ] } },
{ "type": "Feature", "properties": { "MUNICIPIO": "Medianeira", "RANK": 68, "FREQ": 2, "LATITUDE": -25.22435, "LONGITUDE": -54.07536 }, "geometry": { "type": "Point", "coordinates": [ -54.07536, -25.22435 ] } },
{ "type": "Feature", "properties": { "MUNICIPIO": "Medianeira", "RANK": 69, "FREQ": 2, "LATITUDE": -25.30193, "LONGITUDE": -54.09883 }, "geometry": { "type": "Point", "coordinates": [ -54.09883, -25.30193 ] } },
{ "type": "Feature", "properties": { "MUNICIPIO": "Medianeira", "RANK": 70, "FREQ": 2, "LATITUDE": -25.19041, "LONGITUDE": -54.05647 }, "geometry": { "type": "Point", "coordinates": [ -54.05647, -25.19041 ] } },
{ "type": "Feature", "properties": { "MUNICIPIO": "Medianeira", "RANK": 71, "FREQ": 2, "LATITUDE": -25.3022, "LONGITUDE": -54.09998 }, "geometry": { "type": "Point", "coordinates": [ -54.09998, -25.3022 ] } },
{ "type": "Feature", "properties": { "MUNICIPIO": "Medianeira", "RANK": 72, "FREQ": 2, "LATITUDE": -25.29914, "LONGITUDE": -54.06038 }, "geometry": { "type": "Point", "coordinates": [ -54.06038, -25.29914 ] } },
{ "type": "Feature", "properties": { "MUNICIPIO": "Medianeira", "RANK": 73, "FREQ": 2, "LATITUDE": -25.29786, "LONGITUDE": -54.047215 }, "geometry": { "type": "Point", "coordinates": [ -54.047215, -25.29786 ] } },
{ "type": "Feature", "properties": { "MUNICIPIO": "Medianeira", "RANK": 74, "FREQ": 1, "LATITUDE": -25.25855, "LONGITUDE": -54.04982 }, "geometry": { "type": "Point", "coordinates": [ -54.04982, -25.25855 ] } },
{ "type": "Feature", "properties": { "MUNICIPIO": "Medianeira", "RANK": 75, "FREQ": 1, "LATITUDE": -25.25767, "LONGITUDE": -54.05043 }, "geometry": { "type": "Point", "coordinates": [ -54.05043, -25.25767 ] } },
{ "type": "Feature", "properties": { "MUNICIPIO": "Medianeira", "RANK": 76, "FREQ": 1, "LATITUDE": -25.27618, "LONGITUDE": -54.07192 }, "geometry": { "type": "Point", "coordinates": [ -54.07192, -25.27618 ] } },
{ "type": "Feature", "properties": { "MUNICIPIO": "Medianeira", "RANK": 77, "FREQ": 1, "LATITUDE": -25.2753, "LONGITUDE": -54.07044 }, "geometry": { "type": "Point", "coordinates": [ -54.07044, -25.2753 ] } },
{ "type": "Feature", "properties": { "MUNICIPIO": "Medianeira", "RANK": 78, "FREQ": 1, "LATITUDE": -25.27347, "LONGITUDE": -54.06733 }, "geometry": { "type": "Point", "coordinates": [ -54.06733, -25.27347 ] } },
{ "type": "Feature", "properties": { "MUNICIPIO": "Medianeira", "RANK": 79, "FREQ": 1, "LATITUDE": -25.26387, "LONGITUDE": -54.05141 }, "geometry": { "type": "Point", "coordinates": [ -54.05141, -25.26387 ] } },
{ "type": "Feature", "properties": { "MUNICIPIO": "Medianeira", "RANK": 80, "FREQ": 1, "LATITUDE": -25.18826, "LONGITUDE": -54.05242 }, "geometry": { "type": "Point", "coordinates": [ -54.05242, -25.18826 ] } },
{ "type": "Feature", "properties": { "MUNICIPIO": "Medianeira", "RANK": 81, "FREQ": 1, "LATITUDE": -25.297, "LONGITUDE": -54.03976 }, "geometry": { "type": "Point", "coordinates": [ -54.03976, -25.297 ] } },
{ "type": "Feature", "properties": { "MUNICIPIO": "Medianeira", "RANK": 82, "FREQ": 1, "LATITUDE": -25.29877, "LONGITUDE": -54.05664 }, "geometry": { "type": "Point", "coordinates": [ -54.05664, -25.29877 ] } },
{ "type": "Feature", "properties": { "MUNICIPIO": "Medianeira", "RANK": 83, "FREQ": 1, "LATITUDE": -25.2297291, "LONGITUDE": -54.075198 }, "geometry": { "type": "Point", "coordinates": [ -54.075198, -25.2297291 ] } },
{ "type": "Feature", "properties": { "MUNICIPIO": "Medianeira", "RANK": 84, "FREQ": 1, "LATITUDE": -25.22648, "LONGITUDE": -54.07527 }, "geometry": { "type": "Point", "coordinates": [ -54.07527, -25.22648 ] } },
{ "type": "Feature", "properties": { "MUNICIPIO": "Medianeira", "RANK": 85, "FREQ": 1, "LATITUDE": -25.22437, "LONGITUDE": -54.07825 }, "geometry": { "type": "Point", "coordinates": [ -54.07825, -25.22437 ] } },
{ "type": "Feature", "properties": { "MUNICIPIO": "Medianeira", "RANK": 86, "FREQ": 1, "LATITUDE": -25.22435, "LONGITUDE": -54.0815 }, "geometry": { "type": "Point", "coordinates": [ -54.0815, -25.22435 ] } },
{ "type": "Feature", "properties": { "MUNICIPIO": "Medianeira", "RANK": 87, "FREQ": 1, "LATITUDE": -25.22438, "LONGITUDE": -54.0835 }, "geometry": { "type": "Point", "coordinates": [ -54.0835, -25.22438 ] } },
{ "type": "Feature", "properties": { "MUNICIPIO": "Mundo Novo", "RANK": 1, "FREQ": 278, "LATITUDE": -24.007626187050398, "LONGITUDE": -54.212320503597098 }, "geometry": { "type": "Point", "coordinates": [ -54.212320503597098, -24.007626187050398 ] } },
{ "type": "Feature", "properties": { "MUNICIPIO": "Mundo Novo", "RANK": 2, "FREQ": 80, "LATITUDE": -23.935696875000001, "LONGITUDE": -54.28336625 }, "geometry": { "type": "Point", "coordinates": [ -54.28336625, -23.935696875 ] } },
{ "type": "Feature", "properties": { "MUNICIPIO": "Mundo Novo", "RANK": 3, "FREQ": 58, "LATITUDE": -23.935938675862101, "LONGITUDE": -54.285175186206899 }, "geometry": { "type": "Point", "coordinates": [ -54.285175186206899, -23.935938675862101 ] } },
{ "type": "Feature", "properties": { "MUNICIPIO": "Mundo Novo", "RANK": 4, "FREQ": 36, "LATITUDE": -23.9685733333333, "LONGITUDE": -54.244719166666698 }, "geometry": { "type": "Point", "coordinates": [ -54.244719166666698, -23.9685733333333 ] } },
{ "type": "Feature", "properties": { "MUNICIPIO": "Mundo Novo", "RANK": 5, "FREQ": 33, "LATITUDE": -23.980937272727299, "LONGITUDE": -54.2293618181818 }, "geometry": { "type": "Point", "coordinates": [ -54.2293618181818, -23.980937272727299 ] } },
{ "type": "Feature", "properties": { "MUNICIPIO": "Mundo Novo", "RANK": 6, "FREQ": 32, "LATITUDE": -24.00530875, "LONGITUDE": -54.22307375 }, "geometry": { "type": "Point", "coordinates": [ -54.22307375, -24.00530875 ] } },
{ "type": "Feature", "properties": { "MUNICIPIO": "Mundo Novo", "RANK": 7, "FREQ": 28, "LATITUDE": -23.93512, "LONGITUDE": -54.2749942857143 }, "geometry": { "type": "Point", "coordinates": [ -54.2749942857143, -23.93512 ] } },
{ "type": "Feature", "properties": { "MUNICIPIO": "Mundo Novo", "RANK": 8, "FREQ": 28, "LATITUDE": -23.937152857142902, "LONGITUDE": -54.273334285714299 }, "geometry": { "type": "Point", "coordinates": [ -54.273334285714299, -23.937152857142902 ] } },
{ "type": "Feature", "properties": { "MUNICIPIO": "Mundo Novo", "RANK": 9, "FREQ": 27, "LATITUDE": -24.000616666666701, "LONGITUDE": -54.224073333333301 }, "geometry": { "type": "Point", "coordinates": [ -54.224073333333301, -24.000616666666701 ] } },
{ "type": "Feature", "properties": { "MUNICIPIO": "Mundo Novo", "RANK": 10, "FREQ": 23, "LATITUDE": -23.937163478260899, "LONGITUDE": -54.2920830434783 }, "geometry": { "type": "Point", "coordinates": [ -54.2920830434783, -23.937163478260899 ] } },
{ "type": "Feature", "properties": { "MUNICIPIO": "Mundo Novo", "RANK": 11, "FREQ": 23, "LATITUDE": -23.935418569565201, "LONGITUDE": -54.280873091304301 }, "geometry": { "type": "Point", "coordinates": [ -54.280873091304301, -23.935418569565201 ] } },
{ "type": "Feature", "properties": { "MUNICIPIO": "Mundo Novo", "RANK": 12, "FREQ": 21, "LATITUDE": -23.97414, "LONGITUDE": -54.235531428571399 }, "geometry": { "type": "Point", "coordinates": [ -54.235531428571399, -23.97414 ] } },
{ "type": "Feature", "properties": { "MUNICIPIO": "Mundo Novo", "RANK": 13, "FREQ": 20, "LATITUDE": -23.93513, "LONGITUDE": -54.277622 }, "geometry": { "type": "Point", "coordinates": [ -54.277622, -23.93513 ] } },
{ "type": "Feature", "properties": { "MUNICIPIO": "Mundo Novo", "RANK": 14, "FREQ": 20, "LATITUDE": -23.93836, "LONGITUDE": -54.272392 }, "geometry": { "type": "Point", "coordinates": [ -54.272392, -23.93836 ] } },
{ "type": "Feature", "properties": { "MUNICIPIO": "Mundo Novo", "RANK": 15, "FREQ": 19, "LATITUDE": -23.942221052631599, "LONGITUDE": -54.268598421052602 }, "geometry": { "type": "Point", "coordinates": [ -54.268598421052602, -23.942221052631599 ] } },
{ "type": "Feature", "properties": { "MUNICIPIO": "Mundo Novo", "RANK": 16, "FREQ": 19, "LATITUDE": -23.9363998105263, "LONGITUDE": -54.288552031579002 }, "geometry": { "type": "Point", "coordinates": [ -54.288552031579002, -23.9363998105263 ] } },
{ "type": "Feature", "properties": { "MUNICIPIO": "Mundo Novo", "RANK": 17, "FREQ": 16, "LATITUDE": -23.93863875, "LONGITUDE": -54.28595875 }, "geometry": { "type": "Point", "coordinates": [ -54.28595875, -23.93863875 ] } },
{ "type": "Feature", "properties": { "MUNICIPIO": "Mundo Novo", "RANK": 18, "FREQ": 16, "LATITUDE": -23.940495, "LONGITUDE": -54.270765 }, "geometry": { "type": "Point", "coordinates": [ -54.270765, -23.940495 ] } },
{ "type": "Feature", "properties": { "MUNICIPIO": "Mundo Novo", "RANK": 19, "FREQ": 15, "LATITUDE": -23.939138346666699, "LONGITUDE": -54.2948227866667 }, "geometry": { "type": "Point", "coordinates": [ -54.2948227866667, -23.939138346666699 ] } },
{ "type": "Feature", "properties": { "MUNICIPIO": "Mundo Novo", "RANK": 20, "FREQ": 15, "LATITUDE": -23.95833, "LONGITUDE": -54.254282 }, "geometry": { "type": "Point", "coordinates": [ -54.254282, -23.95833 ] } },
{ "type": "Feature", "properties": { "MUNICIPIO": "Mundo Novo", "RANK": 21, "FREQ": 12, "LATITUDE": -23.94159, "LONGITUDE": -54.269716666666703 }, "geometry": { "type": "Point", "coordinates": [ -54.269716666666703, -23.94159 ] } },
{ "type": "Feature", "properties": { "MUNICIPIO": "Mundo Novo", "RANK": 22, "FREQ": 12, "LATITUDE": -23.99099, "LONGITUDE": -54.225455 }, "geometry": { "type": "Point", "coordinates": [ -54.225455, -23.99099 ] } },
{ "type": "Feature", "properties": { "MUNICIPIO": "Mundo Novo", "RANK": 23, "FREQ": 12, "LATITUDE": -23.935296666666702, "LONGITUDE": -54.279276666666703 }, "geometry": { "type": "Point", "coordinates": [ -54.279276666666703, -23.935296666666702 ] } },
{ "type": "Feature", "properties": { "MUNICIPIO": "Mundo Novo", "RANK": 24, "FREQ": 12, "LATITUDE": -23.961665, "LONGITUDE": -54.2512175 }, "geometry": { "type": "Point", "coordinates": [ -54.2512175, -23.961665 ] } },
{ "type": "Feature", "properties": { "MUNICIPIO": "Mundo Novo", "RANK": 25, "FREQ": 11, "LATITUDE": -23.946159090909099, "LONGITUDE": -54.242798181818202 }, "geometry": { "type": "Point", "coordinates": [ -54.242798181818202, -23.946159090909099 ] } },
{ "type": "Feature", "properties": { "MUNICIPIO": "Mundo Novo", "RANK": 26, "FREQ": 9, "LATITUDE": -23.955396666666701, "LONGITUDE": -54.256956666666703 }, "geometry": { "type": "Point", "coordinates": [ -54.256956666666703, -23.955396666666701 ] } },
{ "type": "Feature", "properties": { "MUNICIPIO": "Mundo Novo", "RANK": 27, "FREQ": 9, "LATITUDE": -24.040196388888901, "LONGITUDE": -54.234048977777803 }, "geometry": { "type": "Point", "coordinates": [ -54.234048977777803, -24.040196388888901 ] } },
{ "type": "Feature", "properties": { "MUNICIPIO": "Mundo Novo", "RANK": 28, "FREQ": 9, "LATITUDE": -24.00319, "LONGITUDE": -54.225163333333299 }, "geometry": { "type": "Point", "coordinates": [ -54.225163333333299, -24.00319 ] } },
{ "type": "Feature", "properties": { "MUNICIPIO": "Mundo Novo", "RANK": 29, "FREQ": 9, "LATITUDE": -23.9464066666667, "LONGITUDE": -54.26527 }, "geometry": { "type": "Point", "coordinates": [ -54.26527, -23.9464066666667 ] } },
{ "type": "Feature", "properties": { "MUNICIPIO": "Mundo Novo", "RANK": 30, "FREQ": 8, "LATITUDE": -24.03694, "LONGITUDE": -54.23567125 }, "geometry": { "type": "Point", "coordinates": [ -54.23567125, -24.03694 ] } },
{ "type": "Feature", "properties": { "MUNICIPIO": "Mundo Novo", "RANK": 31, "FREQ": 7, "LATITUDE": -23.943898571428601, "LONGITUDE": -54.263522857142902 }, "geometry": { "type": "Point", "coordinates": [ -54.263522857142902, -23.943898571428601 ] } },
{ "type": "Feature", "properties": { "MUNICIPIO": "Mundo Novo", "RANK": 32, "FREQ": 6, "LATITUDE": -23.93925, "LONGITUDE": -54.292093333333298 }, "geometry": { "type": "Point", "coordinates": [ -54.292093333333298, -23.93925 ] } },
{ "type": "Feature", "properties": { "MUNICIPIO": "Mundo Novo", "RANK": 33, "FREQ": 6, "LATITUDE": -23.95081, "LONGITUDE": -54.261225 }, "geometry": { "type": "Point", "coordinates": [ -54.261225, -23.95081 ] } },
{ "type": "Feature", "properties": { "MUNICIPIO": "Mundo Novo", "RANK": 34, "FREQ": 6, "LATITUDE": -23.98664, "LONGITUDE": -54.22699 }, "geometry": { "type": "Point", "coordinates": [ -54.22699, -23.98664 ] } },
{ "type": "Feature", "properties": { "MUNICIPIO": "Mundo Novo", "RANK": 35, "FREQ": 6, "LATITUDE": -23.963845, "LONGITUDE": -54.24916 }, "geometry": { "type": "Point", "coordinates": [ -54.24916, -23.963845 ] } },
{ "type": "Feature", "properties": { "MUNICIPIO": "Mundo Novo", "RANK": 36, "FREQ": 6, "LATITUDE": -23.943685, "LONGITUDE": -54.252283333333303 }, "geometry": { "type": "Point", "coordinates": [ -54.252283333333303, -23.943685 ] } },
{ "type": "Feature", "properties": { "MUNICIPIO": "Mundo Novo", "RANK": 37, "FREQ": 6, "LATITUDE": -24.023775, "LONGITUDE": -54.2363 }, "geometry": { "type": "Point", "coordinates": [ -54.2363, -24.023775 ] } },
{ "type": "Feature", "properties": { "MUNICIPIO": "Mundo Novo", "RANK": 38, "FREQ": 3, "LATITUDE": -23.97775, "LONGITUDE": -54.23207 }, "geometry": { "type": "Point", "coordinates": [ -54.23207, -23.97775 ] } },
{ "type": "Feature", "properties": { "MUNICIPIO": "Mundo Novo", "RANK": 39, "FREQ": 3, "LATITUDE": -23.97645, "LONGITUDE": -54.23329 }, "geometry": { "type": "Point", "coordinates": [ -54.23329, -23.97645 ] } },
{ "type": "Feature", "properties": { "MUNICIPIO": "Mundo Novo", "RANK": 40, "FREQ": 3, "LATITUDE": -23.94964, "LONGITUDE": -54.26228 }, "geometry": { "type": "Point", "coordinates": [ -54.26228, -23.94964 ] } },
{ "type": "Feature", "properties": { "MUNICIPIO": "Mundo Novo", "RANK": 41, "FREQ": 3, "LATITUDE": -23.97204, "LONGITUDE": -54.23923 }, "geometry": { "type": "Point", "coordinates": [ -54.23923, -23.97204 ] } },
{ "type": "Feature", "properties": { "MUNICIPIO": "Mundo Novo", "RANK": 42, "FREQ": 3, "LATITUDE": -23.98953, "LONGITUDE": -54.22595 }, "geometry": { "type": "Point", "coordinates": [ -54.22595, -23.98953 ] } },
{ "type": "Feature", "properties": { "MUNICIPIO": "Mundo Novo", "RANK": 43, "FREQ": 3, "LATITUDE": -23.98401, "LONGITUDE": -54.22799 }, "geometry": { "type": "Point", "coordinates": [ -54.22799, -23.98401 ] } },
{ "type": "Feature", "properties": { "MUNICIPIO": "Mundo Novo", "RANK": 44, "FREQ": 3, "LATITUDE": -23.95332, "LONGITUDE": -54.25891 }, "geometry": { "type": "Point", "coordinates": [ -54.25891, -23.95332 ] } },
{ "type": "Feature", "properties": { "MUNICIPIO": "Mundo Novo", "RANK": 45, "FREQ": 3, "LATITUDE": -23.95404, "LONGITUDE": -54.25823 }, "geometry": { "type": "Point", "coordinates": [ -54.25823, -23.95404 ] } },
{ "type": "Feature", "properties": { "MUNICIPIO": "Mundo Novo", "RANK": 46, "FREQ": 3, "LATITUDE": -23.97054, "LONGITUDE": -54.24205 }, "geometry": { "type": "Point", "coordinates": [ -54.24205, -23.97054 ] } },
{ "type": "Feature", "properties": { "MUNICIPIO": "Mundo Novo", "RANK": 47, "FREQ": 3, "LATITUDE": -23.96009, "LONGITUDE": -54.25266 }, "geometry": { "type": "Point", "coordinates": [ -54.25266, -23.96009 ] } },
{ "type": "Feature", "properties": { "MUNICIPIO": "Mundo Novo", "RANK": 48, "FREQ": 3, "LATITUDE": -23.98863, "LONGITUDE": -54.22627 }, "geometry": { "type": "Point", "coordinates": [ -54.22627, -23.98863 ] } },
{ "type": "Feature", "properties": { "MUNICIPIO": "Mundo Novo", "RANK": 49, "FREQ": 3, "LATITUDE": -23.99591, "LONGITUDE": -54.22447 }, "geometry": { "type": "Point", "coordinates": [ -54.22447, -23.99591 ] } },
{ "type": "Feature", "properties": { "MUNICIPIO": "Mundo Novo", "RANK": 50, "FREQ": 3, "LATITUDE": -23.99238, "LONGITUDE": -54.22518 }, "geometry": { "type": "Point", "coordinates": [ -54.22518, -23.99238 ] } },
{ "type": "Feature", "properties": { "MUNICIPIO": "Mundo Novo", "RANK": 51, "FREQ": 3, "LATITUDE": -23.99768, "LONGITUDE": -54.22411 }, "geometry": { "type": "Point", "coordinates": [ -54.22411, -23.99768 ] } },
{ "type": "Feature", "properties": { "MUNICIPIO": "Mundo Novo", "RANK": 52, "FREQ": 3, "LATITUDE": -23.94531, "LONGITUDE": -54.26633 }, "geometry": { "type": "Point", "coordinates": [ -54.26633, -23.94531 ] } },
{ "type": "Feature", "properties": { "MUNICIPIO": "Mundo Novo", "RANK": 53, "FREQ": 3, "LATITUDE": -23.95249, "LONGITUDE": -54.25969 }, "geometry": { "type": "Point", "coordinates": [ -54.25969, -23.95249 ] } },
{ "type": "Feature", "properties": { "MUNICIPIO": "Mundo Novo", "RANK": 54, "FREQ": 2, "LATITUDE": -23.93898, "LONGITUDE": -54.28934 }, "geometry": { "type": "Point", "coordinates": [ -54.28934, -23.93898 ] } },
{ "type": "Feature", "properties": { "MUNICIPIO": "Mundo Novo", "RANK": 55, "FREQ": 2, "LATITUDE": -23.93908, "LONGITUDE": -54.29035 }, "geometry": { "type": "Point", "coordinates": [ -54.29035, -23.93908 ] } },
{ "type": "Feature", "properties": { "MUNICIPIO": "Mundo Novo", "RANK": 56, "FREQ": 2, "LATITUDE": -24.01877, "LONGITUDE": -54.23374 }, "geometry": { "type": "Point", "coordinates": [ -54.23374, -24.01877 ] } },
{ "type": "Feature", "properties": { "MUNICIPIO": "Mundo Novo", "RANK": 57, "FREQ": 2, "LATITUDE": -23.93724, "LONGITUDE": -54.28464 }, "geometry": { "type": "Point", "coordinates": [ -54.28464, -23.93724 ] } },
{ "type": "Feature", "properties": { "MUNICIPIO": "Mundo Novo", "RANK": 58, "FREQ": 2, "LATITUDE": -23.94418, "LONGITUDE": -54.25 }, "geometry": { "type": "Point", "coordinates": [ -54.25, -23.94418 ] } },
{ "type": "Feature", "properties": { "MUNICIPIO": "Mundo Novo", "RANK": 59, "FREQ": 2, "LATITUDE": -23.952025, "LONGITUDE": -54.237815 }, "geometry": { "type": "Point", "coordinates": [ -54.237815, -23.952025 ] } },
{ "type": "Feature", "properties": { "MUNICIPIO": "Mundo Novo", "RANK": 60, "FREQ": 2, "LATITUDE": -23.938, "LONGITUDE": -54.2942 }, "geometry": { "type": "Point", "coordinates": [ -54.2942, -23.938 ] } },
{ "type": "Feature", "properties": { "MUNICIPIO": "Mundo Novo", "RANK": 61, "FREQ": 2, "LATITUDE": -24.03394, "LONGITUDE": -54.236035 }, "geometry": { "type": "Point", "coordinates": [ -54.236035, -24.03394 ] } },
{ "type": "Feature", "properties": { "MUNICIPIO": "Mundo Novo", "RANK": 62, "FREQ": 1, "LATITUDE": -23.94831, "LONGITUDE": -54.24086 }, "geometry": { "type": "Point", "coordinates": [ -54.24086, -23.94831 ] } },
{ "type": "Feature", "properties": { "MUNICIPIO": "Mundo Novo", "RANK": 63, "FREQ": 1, "LATITUDE": -23.94527, "LONGITUDE": -54.24525 }, "geometry": { "type": "Point", "coordinates": [ -54.24525, -23.94527 ] } },
{ "type": "Feature", "properties": { "MUNICIPIO": "Mundo Novo", "RANK": 64, "FREQ": 1, "LATITUDE": -23.95059, "LONGITUDE": -54.23904 }, "geometry": { "type": "Point", "coordinates": [ -54.23904, -23.95059 ] } },
{ "type": "Feature", "properties": { "MUNICIPIO": "Mundo Novo", "RANK": 65, "FREQ": 1, "LATITUDE": -23.94979, "LONGITUDE": -54.23969 }, "geometry": { "type": "Point", "coordinates": [ -54.23969, -23.94979 ] } },
{ "type": "Feature", "properties": { "MUNICIPIO": "Mundo Novo", "RANK": 66, "FREQ": 1, "LATITUDE": -23.95328, "LONGITUDE": -54.23683 }, "geometry": { "type": "Point", "coordinates": [ -54.23683, -23.95328 ] } },
{ "type": "Feature", "properties": { "MUNICIPIO": "Mundo Novo", "RANK": 67, "FREQ": 1, "LATITUDE": -23.94905, "LONGITUDE": -54.24028 }, "geometry": { "type": "Point", "coordinates": [ -54.24028, -23.94905 ] } },
{ "type": "Feature", "properties": { "MUNICIPIO": "Mundo Novo", "RANK": 68, "FREQ": 1, "LATITUDE": -23.94478, "LONGITUDE": -54.24745 }, "geometry": { "type": "Point", "coordinates": [ -54.24745, -23.94478 ] } },
{ "type": "Feature", "properties": { "MUNICIPIO": "Mundo Novo", "RANK": 69, "FREQ": 1, "LATITUDE": -24.01228, "LONGITUDE": -54.23016 }, "geometry": { "type": "Point", "coordinates": [ -54.23016, -24.01228 ] } },
{ "type": "Feature", "properties": { "MUNICIPIO": "Mundo Novo", "RANK": 70, "FREQ": 1, "LATITUDE": -24.00938, "LONGITUDE": -54.22853 }, "geometry": { "type": "Point", "coordinates": [ -54.22853, -24.00938 ] } },
{ "type": "Feature", "properties": { "MUNICIPIO": "Mundo Novo", "RANK": 71, "FREQ": 1, "LATITUDE": -24.01644, "LONGITUDE": -54.23241 }, "geometry": { "type": "Point", "coordinates": [ -54.23241, -24.01644 ] } },
{ "type": "Feature", "properties": { "MUNICIPIO": "Mundo Novo", "RANK": 72, "FREQ": 1, "LATITUDE": -24.01755, "LONGITUDE": -54.23306 }, "geometry": { "type": "Point", "coordinates": [ -54.23306, -24.01755 ] } },
{ "type": "Feature", "properties": { "MUNICIPIO": "Mundo Novo", "RANK": 73, "FREQ": 1, "LATITUDE": -24.02042, "LONGITUDE": -54.23462 }, "geometry": { "type": "Point", "coordinates": [ -54.23462, -24.02042 ] } },
{ "type": "Feature", "properties": { "MUNICIPIO": "Mundo Novo", "RANK": 74, "FREQ": 1, "LATITUDE": -24.01548, "LONGITUDE": -54.23194 }, "geometry": { "type": "Point", "coordinates": [ -54.23194, -24.01548 ] } },
{ "type": "Feature", "properties": { "MUNICIPIO": "Mundo Novo", "RANK": 75, "FREQ": 1, "LATITUDE": -24.02671, "LONGITUDE": -54.23643 }, "geometry": { "type": "Point", "coordinates": [ -54.23643, -24.02671 ] } },
{ "type": "Feature", "properties": { "MUNICIPIO": "Mundo Novo", "RANK": 76, "FREQ": 1, "LATITUDE": -24.03131, "LONGITUDE": -54.23619 }, "geometry": { "type": "Point", "coordinates": [ -54.23619, -24.03131 ] } },
{ "type": "Feature", "properties": { "MUNICIPIO": "Mundo Novo", "RANK": 77, "FREQ": 1, "LATITUDE": -24.02931, "LONGITUDE": -54.23628 }, "geometry": { "type": "Point", "coordinates": [ -54.23628, -24.02931 ] } },
{ "type": "Feature", "properties": { "MUNICIPIO": "Mundo Novo", "RANK": 78, "FREQ": 1, "LATITUDE": -23.94375, "LONGITUDE": -54.25581 }, "geometry": { "type": "Point", "coordinates": [ -54.25581, -23.94375 ] } },
{ "type": "Feature", "properties": { "MUNICIPIO": "Mundo Novo", "RANK": 79, "FREQ": 1, "LATITUDE": -23.94387, "LONGITUDE": -54.25808 }, "geometry": { "type": "Point", "coordinates": [ -54.25808, -23.94387 ] } },
{ "type": "Feature", "properties": { "MUNICIPIO": "Mundo Novo", "RANK": 80, "FREQ": 1, "LATITUDE": -23.94394, "LONGITUDE": -54.25969 }, "geometry": { "type": "Point", "coordinates": [ -54.25969, -23.94394 ] } },
{ "type": "Feature", "properties": { "MUNICIPIO": "Mundo Novo", "RANK": 81, "FREQ": 1, "LATITUDE": -23.94397, "LONGITUDE": -54.26091 }, "geometry": { "type": "Point", "coordinates": [ -54.26091, -23.94397 ] } },
{ "type": "Feature", "properties": { "MUNICIPIO": "Mundo Novo", "RANK": 82, "FREQ": 1, "LATITUDE": -24.02132, "LONGITUDE": -54.2351 }, "geometry": { "type": "Point", "coordinates": [ -54.2351, -24.02132 ] } },
{ "type": "Feature", "properties": { "MUNICIPIO": "Mundo Novo", "RANK": 83, "FREQ": 1, "LATITUDE": -24.00572, "LONGITUDE": -54.22653 }, "geometry": { "type": "Point", "coordinates": [ -54.22653, -24.00572 ] } },
{ "type": "Feature", "properties": { "MUNICIPIO": "Ponta Porã", "RANK": 1, "FREQ": 108, "LATITUDE": -22.5375673138889, "LONGITUDE": -55.727999631481502 }, "geometry": { "type": "Point", "coordinates": [ -55.727999631481502, -22.5375673138889 ] } },
{ "type": "Feature", "properties": { "MUNICIPIO": "Ponta Porã", "RANK": 2, "FREQ": 92, "LATITUDE": -22.5607622826087, "LONGITUDE": -55.7039559782609 }, "geometry": { "type": "Point", "coordinates": [ -55.7039559782609, -22.5607622826087 ] } },
{ "type": "Feature", "properties": { "MUNICIPIO": "Ponta Porã", "RANK": 3, "FREQ": 91, "LATITUDE": -22.5521404395604, "LONGITUDE": -55.716952417582398 }, "geometry": { "type": "Point", "coordinates": [ -55.716952417582398, -22.5521404395604 ] } },
{ "type": "Feature", "properties": { "MUNICIPIO": "Ponta Porã", "RANK": 4, "FREQ": 79, "LATITUDE": -22.5124087341772, "LONGITUDE": -55.743049620253203 }, "geometry": { "type": "Point", "coordinates": [ -55.743049620253203, -22.5124087341772 ] } },
{ "type": "Feature", "properties": { "MUNICIPIO": "Ponta Porã", "RANK": 5, "FREQ": 51, "LATITUDE": -22.483606862745098, "LONGITUDE": -55.7485458823529 }, "geometry": { "type": "Point", "coordinates": [ -55.7485458823529, -22.483606862745098 ] } },
{ "type": "Feature", "properties": { "MUNICIPIO": "Ponta Porã", "RANK": 6, "FREQ": 39, "LATITUDE": -22.5510058974359, "LONGITUDE": -55.70906 }, "geometry": { "type": "Point", "coordinates": [ -55.70906, -22.5510058974359 ] } },
{ "type": "Feature", "properties": { "MUNICIPIO": "Ponta Porã", "RANK": 7, "FREQ": 31, "LATITUDE": -22.530622903225801, "LONGITUDE": -55.733327741935497 }, "geometry": { "type": "Point", "coordinates": [ -55.733327741935497, -22.530622903225801 ] } },
{ "type": "Feature", "properties": { "MUNICIPIO": "Ponta Porã", "RANK": 8, "FREQ": 31, "LATITUDE": -22.496439677419399, "LONGITUDE": -55.747590322580699 }, "geometry": { "type": "Point", "coordinates": [ -55.747590322580699, -22.496439677419399 ] } },
{ "type": "Feature", "properties": { "MUNICIPIO": "Ponta Porã", "RANK": 9, "FREQ": 31, "LATITUDE": -22.577506774193498, "LONGITUDE": -55.691890645161301 }, "geometry": { "type": "Point", "coordinates": [ -55.691890645161301, -22.577506774193498 ] } },
{ "type": "Feature", "properties": { "MUNICIPIO": "Ponta Porã", "RANK": 10, "FREQ": 28, "LATITUDE": -22.541851428571398, "LONGITUDE": -55.724743571428597 }, "geometry": { "type": "Point", "coordinates": [ -55.724743571428597, -22.541851428571398 ] } },
{ "type": "Feature", "properties": { "MUNICIPIO": "Ponta Porã", "RANK": 11, "FREQ": 27, "LATITUDE": -22.475938614814801, "LONGITUDE": -55.751570303703701 }, "geometry": { "type": "Point", "coordinates": [ -55.751570303703701, -22.475938614814801 ] } },
{ "type": "Feature", "properties": { "MUNICIPIO": "Ponta Porã", "RANK": 12, "FREQ": 24, "LATITUDE": -22.4909270833333, "LONGITUDE": -55.747154166666697 }, "geometry": { "type": "Point", "coordinates": [ -55.747154166666697, -22.4909270833333 ] } },
{ "type": "Feature", "properties": { "MUNICIPIO": "Ponta Porã", "RANK": 13, "FREQ": 23, "LATITUDE": -22.570846956521699, "LONGITUDE": -55.69463 }, "geometry": { "type": "Point", "coordinates": [ -55.69463, -22.570846956521699 ] } },
{ "type": "Feature", "properties": { "MUNICIPIO": "Ponta Porã", "RANK": 14, "FREQ": 21, "LATITUDE": -22.583301428571399, "LONGITUDE": -55.684571904761903 }, "geometry": { "type": "Point", "coordinates": [ -55.684571904761903, -22.583301428571399 ] } },
{ "type": "Feature", "properties": { "MUNICIPIO": "Ponta Porã", "RANK": 15, "FREQ": 17, "LATITUDE": -22.5238858823529, "LONGITUDE": -55.738282352941198 }, "geometry": { "type": "Point", "coordinates": [ -55.738282352941198, -22.5238858823529 ] } },
{ "type": "Feature", "properties": { "MUNICIPIO": "Ponta Porã", "RANK": 16, "FREQ": 16, "LATITUDE": -22.54787125, "LONGITUDE": -55.72021 }, "geometry": { "type": "Point", "coordinates": [ -55.72021, -22.54787125 ] } },
{ "type": "Feature", "properties": { "MUNICIPIO": "Ponta Porã", "RANK": 17, "FREQ": 10, "LATITUDE": -22.534219, "LONGITUDE": -55.730646 }, "geometry": { "type": "Point", "coordinates": [ -55.730646, -22.534219 ] } },
{ "type": "Feature", "properties": { "MUNICIPIO": "Ponta Porã", "RANK": 18, "FREQ": 6, "LATITUDE": -22.54489, "LONGITUDE": -55.722443333333302 }, "geometry": { "type": "Point", "coordinates": [ -55.722443333333302, -22.54489 ] } },
{ "type": "Feature", "properties": { "MUNICIPIO": "Ponta Porã", "RANK": 19, "FREQ": 6, "LATITUDE": -22.568018333333299, "LONGITUDE": -55.69582 }, "geometry": { "type": "Point", "coordinates": [ -55.69582, -22.568018333333299 ] } },
{ "type": "Feature", "properties": { "MUNICIPIO": "Ponta Porã", "RANK": 20, "FREQ": 4, "LATITUDE": -22.55183, "LONGITUDE": -55.71496 }, "geometry": { "type": "Point", "coordinates": [ -55.71496, -22.55183 ] } },
{ "type": "Feature", "properties": { "MUNICIPIO": "Ponta Porã", "RANK": 21, "FREQ": 4, "LATITUDE": -22.5462, "LONGITUDE": -55.72146 }, "geometry": { "type": "Point", "coordinates": [ -55.72146, -22.5462 ] } },
{ "type": "Feature", "properties": { "MUNICIPIO": "Ponta Porã", "RANK": 22, "FREQ": 4, "LATITUDE": -22.54929, "LONGITUDE": -55.71914 }, "geometry": { "type": "Point", "coordinates": [ -55.71914, -22.54929 ] } },
{ "type": "Feature", "properties": { "MUNICIPIO": "Ponta Porã", "RANK": 23, "FREQ": 3, "LATITUDE": -22.52658, "LONGITUDE": -55.73632 }, "geometry": { "type": "Point", "coordinates": [ -55.73632, -22.52658 ] } },
{ "type": "Feature", "properties": { "MUNICIPIO": "Ponta Porã", "RANK": 24, "FREQ": 2, "LATITUDE": -22.52162, "LONGITUDE": -55.73942 }, "geometry": { "type": "Point", "coordinates": [ -55.73942, -22.52162 ] } },
{ "type": "Feature", "properties": { "MUNICIPIO": "Ponta Porã", "RANK": 25, "FREQ": 1, "LATITUDE": -22.57381, "LONGITUDE": -55.69365 }, "geometry": { "type": "Point", "coordinates": [ -55.69365, -22.57381 ] } },
{ "type": "Feature", "properties": { "MUNICIPIO": "Ponta Porã", "RANK": 26, "FREQ": 1, "LATITUDE": -22.5815, "LONGITUDE": -55.68713 }, "geometry": { "type": "Point", "coordinates": [ -55.68713, -22.5815 ] } },
{ "type": "Feature", "properties": { "MUNICIPIO": "Ponta Porã ", "RANK": 1, "FREQ": 333, "LATITUDE": -22.537434123123099, "LONGITUDE": -55.727789050450497 }, "geometry": { "type": "Point", "coordinates": [ -55.727789050450497, -22.537434123123099 ] } },
{ "type": "Feature", "properties": { "MUNICIPIO": "Ponta Porã ", "RANK": 2, "FREQ": 184, "LATITUDE": -22.560645426087, "LONGITUDE": -55.704027708695698 }, "geometry": { "type": "Point", "coordinates": [ -55.704027708695698, -22.560645426087 ] } },
{ "type": "Feature", "properties": { "MUNICIPIO": "Ponta Porã ", "RANK": 3, "FREQ": 148, "LATITUDE": -22.552302635135099, "LONGITUDE": -55.716810337837899 }, "geometry": { "type": "Point", "coordinates": [ -55.716810337837899, -22.552302635135099 ] } },
{ "type": "Feature", "properties": { "MUNICIPIO": "Ponta Porã ", "RANK": 4, "FREQ": 94, "LATITUDE": -22.530702522340398, "LONGITUDE": -55.733357065957499 }, "geometry": { "type": "Point", "coordinates": [ -55.733357065957499, -22.530702522340398 ] } },
{ "type": "Feature", "properties": { "MUNICIPIO": "Ponta Porã ", "RANK": 5, "FREQ": 42, "LATITUDE": -22.541851428571398, "LONGITUDE": -55.724743571428597 }, "geometry": { "type": "Point", "coordinates": [ -55.724743571428597, -22.541851428571398 ] } },
{ "type": "Feature", "properties": { "MUNICIPIO": "Ponta Porã ", "RANK": 6, "FREQ": 35, "LATITUDE": -22.5262077142857, "LONGITUDE": -55.721525142857097 }, "geometry": { "type": "Point", "coordinates": [ -55.721525142857097, -22.5262077142857 ] } },
{ "type": "Feature", "properties": { "MUNICIPIO": "Ponta Porã ", "RANK": 7, "FREQ": 31, "LATITUDE": -22.577506774193498, "LONGITUDE": -55.691890645161301 }, "geometry": { "type": "Point", "coordinates": [ -55.691890645161301, -22.577506774193498 ] } },
{ "type": "Feature", "properties": { "MUNICIPIO": "Ponta Porã ", "RANK": 8, "FREQ": 30, "LATITUDE": -22.534219, "LONGITUDE": -55.730646 }, "geometry": { "type": "Point", "coordinates": [ -55.730646, -22.534219 ] } },
{ "type": "Feature", "properties": { "MUNICIPIO": "Ponta Porã ", "RANK": 9, "FREQ": 24, "LATITUDE": -22.54787125, "LONGITUDE": -55.72021 }, "geometry": { "type": "Point", "coordinates": [ -55.72021, -22.54787125 ] } },
{ "type": "Feature", "properties": { "MUNICIPIO": "Ponta Porã ", "RANK": 10, "FREQ": 23, "LATITUDE": -22.570846956521699, "LONGITUDE": -55.69463 }, "geometry": { "type": "Point", "coordinates": [ -55.69463, -22.570846956521699 ] } },
{ "type": "Feature", "properties": { "MUNICIPIO": "Ponta Porã ", "RANK": 11, "FREQ": 22, "LATITUDE": -22.5289559090909, "LONGITUDE": -55.729779545454498 }, "geometry": { "type": "Point", "coordinates": [ -55.729779545454498, -22.5289559090909 ] } },
{ "type": "Feature", "properties": { "MUNICIPIO": "Ponta Porã ", "RANK": 12, "FREQ": 21, "LATITUDE": -22.532679523809499, "LONGITUDE": -55.7246 }, "geometry": { "type": "Point", "coordinates": [ -55.7246, -22.532679523809499 ] } },
{ "type": "Feature", "properties": { "MUNICIPIO": "Ponta Porã ", "RANK": 13, "FREQ": 18, "LATITUDE": -22.534993333333301, "LONGITUDE": -55.7248377777778 }, "geometry": { "type": "Point", "coordinates": [ -55.7248377777778, -22.534993333333301 ] } },
{ "type": "Feature", "properties": { "MUNICIPIO": "Ponta Porã ", "RANK": 14, "FREQ": 15, "LATITUDE": -22.583466, "LONGITUDE": -55.68409 }, "geometry": { "type": "Point", "coordinates": [ -55.68409, -22.583466 ] } },
{ "type": "Feature", "properties": { "MUNICIPIO": "Ponta Porã ", "RANK": 15, "FREQ": 14, "LATITUDE": -22.524885714285698, "LONGITUDE": -55.735404285714303 }, "geometry": { "type": "Point", "coordinates": [ -55.735404285714303, -22.524885714285698 ] } },
{ "type": "Feature", "properties": { "MUNICIPIO": "Ponta Porã ", "RANK": 16, "FREQ": 12, "LATITUDE": -22.5278541666667, "LONGITUDE": -55.7281475 }, "geometry": { "type": "Point", "coordinates": [ -55.7281475, -22.5278541666667 ] } },
{ "type": "Feature", "properties": { "MUNICIPIO": "Ponta Porã ", "RANK": 17, "FREQ": 11, "LATITUDE": -22.534880909090901, "LONGITUDE": -55.727955454545501 }, "geometry": { "type": "Point", "coordinates": [ -55.727955454545501, -22.534880909090901 ] } },
{ "type": "Feature", "properties": { "MUNICIPIO": "Ponta Porã ", "RANK": 18, "FREQ": 10, "LATITUDE": -22.530662, "LONGITUDE": -55.721621 }, "geometry": { "type": "Point", "coordinates": [ -55.721621, -22.530662 ] } },
{ "type": "Feature", "properties": { "MUNICIPIO": "Ponta Porã ", "RANK": 19, "FREQ": 10, "LATITUDE": -22.52654, "LONGITUDE": -55.736292 }, "geometry": { "type": "Point", "coordinates": [ -55.736292, -22.52654 ] } },
{ "type": "Feature", "properties": { "MUNICIPIO": "Ponta Porã ", "RANK": 20, "FREQ": 9, "LATITUDE": -22.54489, "LONGITUDE": -55.722443333333402 }, "geometry": { "type": "Point", "coordinates": [ -55.722443333333402, -22.54489 ] } },
{ "type": "Feature", "properties": { "MUNICIPIO": "Ponta Porã ", "RANK": 21, "FREQ": 6, "LATITUDE": -22.54929, "LONGITUDE": -55.71914 }, "geometry": { "type": "Point", "coordinates": [ -55.71914, -22.54929 ] } },
{ "type": "Feature", "properties": { "MUNICIPIO": "Ponta Porã ", "RANK": 22, "FREQ": 6, "LATITUDE": -22.58489, "LONGITUDE": -55.682006666666702 }, "geometry": { "type": "Point", "coordinates": [ -55.682006666666702, -22.58489 ] } },
{ "type": "Feature", "properties": { "MUNICIPIO": "Ponta Porã ", "RANK": 23, "FREQ": 6, "LATITUDE": -22.5462, "LONGITUDE": -55.72146 }, "geometry": { "type": "Point", "coordinates": [ -55.72146, -22.5462 ] } },
{ "type": "Feature", "properties": { "MUNICIPIO": "Ponta Porã ", "RANK": 24, "FREQ": 6, "LATITUDE": -22.568018333333299, "LONGITUDE": -55.69582 }, "geometry": { "type": "Point", "coordinates": [ -55.69582, -22.568018333333299 ] } },
{ "type": "Feature", "properties": { "MUNICIPIO": "Ponta Porã ", "RANK": 25, "FREQ": 4, "LATITUDE": -22.53323, "LONGITUDE": -55.72918 }, "geometry": { "type": "Point", "coordinates": [ -55.72918, -22.53323 ] } },
{ "type": "Feature", "properties": { "MUNICIPIO": "Ponta Porã ", "RANK": 26, "FREQ": 4, "LATITUDE": -22.531805, "LONGITUDE": -55.727735 }, "geometry": { "type": "Point", "coordinates": [ -55.727735, -22.531805 ] } },
{ "type": "Feature", "properties": { "MUNICIPIO": "Ponta Porã ", "RANK": 27, "FREQ": 4, "LATITUDE": -22.5859, "LONGITUDE": -55.680505 }, "geometry": { "type": "Point", "coordinates": [ -55.680505, -22.5859 ] } },
{ "type": "Feature", "properties": { "MUNICIPIO": "Ponta Porã ", "RANK": 28, "FREQ": 4, "LATITUDE": -22.588955, "LONGITUDE": -55.67592 }, "geometry": { "type": "Point", "coordinates": [ -55.67592, -22.588955 ] } },
{ "type": "Feature", "properties": { "MUNICIPIO": "Ponta Porã ", "RANK": 29, "FREQ": 3, "LATITUDE": -22.590059766666698, "LONGITUDE": -55.674245333333303 }, "geometry": { "type": "Point", "coordinates": [ -55.674245333333303, -22.590059766666698 ] } },
{ "type": "Feature", "properties": { "MUNICIPIO": "Ponta Porã ", "RANK": 30, "FREQ": 3, "LATITUDE": -22.587966666666699, "LONGITUDE": -55.677406666666698 }, "geometry": { "type": "Point", "coordinates": [ -55.677406666666698, -22.587966666666699 ] } },
{ "type": "Feature", "properties": { "MUNICIPIO": "Ponta Porã ", "RANK": 31, "FREQ": 3, "LATITUDE": -22.530456666666701, "LONGITUDE": -55.72875 }, "geometry": { "type": "Point", "coordinates": [ -55.72875, -22.530456666666701 ] } },
{ "type": "Feature", "properties": { "MUNICIPIO": "Ponta Porã ", "RANK": 32, "FREQ": 3, "LATITUDE": -22.526699733333299, "LONGITUDE": -55.7262718 }, "geometry": { "type": "Point", "coordinates": [ -55.7262718, -22.526699733333299 ] } },
{ "type": "Feature", "properties": { "MUNICIPIO": "Ponta Porã ", "RANK": 33, "FREQ": 2, "LATITUDE": -22.52453, "LONGITUDE": -55.73322 }, "geometry": { "type": "Point", "coordinates": [ -55.73322, -22.52453 ] } },
{ "type": "Feature", "properties": { "MUNICIPIO": "Ponta Porã ", "RANK": 34, "FREQ": 1, "LATITUDE": -22.58655, "LONGITUDE": -55.67953 }, "geometry": { "type": "Point", "coordinates": [ -55.67953, -22.58655 ] } },
{ "type": "Feature", "properties": { "MUNICIPIO": "Ponta Porã ", "RANK": 35, "FREQ": 1, "LATITUDE": -22.57381, "LONGITUDE": -55.69365 }, "geometry": { "type": "Point", "coordinates": [ -55.69365, -22.57381 ] } },
{ "type": "Feature", "properties": { "MUNICIPIO": "Ponta Porã ", "RANK": 36, "FREQ": 1, "LATITUDE": -22.5815, "LONGITUDE": -55.68713 }, "geometry": { "type": "Point", "coordinates": [ -55.68713, -22.5815 ] } },
{ "type": "Feature", "properties": { "MUNICIPIO": "Ponta Porã ", "RANK": 37, "FREQ": 1, "LATITUDE": -22.5233838, "LONGITUDE": -55.735046 }, "geometry": { "type": "Point", "coordinates": [ -55.735046, -22.5233838 ] } },
{ "type": "Feature", "properties": { "MUNICIPIO": "Ponta Porã ", "RANK": 38, "FREQ": 1, "LATITUDE": -22.5237361, "LONGITUDE": -55.7338167 }, "geometry": { "type": "Point", "coordinates": [ -55.7338167, -22.5237361 ] } },
{ "type": "Feature", "properties": { "MUNICIPIO": "Ponta pora", "RANK": 1, "FREQ": 46, "LATITUDE": -22.536631810869601, "LONGITUDE": -55.728775073912999 }, "geometry": { "type": "Point", "coordinates": [ -55.728775073912999, -22.536631810869601 ] } },
{ "type": "Feature", "properties": { "MUNICIPIO": "Ponta pora", "RANK": 2, "FREQ": 31, "LATITUDE": -22.530622903225801, "LONGITUDE": -55.733327741935497 }, "geometry": { "type": "Point", "coordinates": [ -55.733327741935497, -22.530622903225801 ] } },
{ "type": "Feature", "properties": { "MUNICIPIO": "Ponta pora", "RANK": 3, "FREQ": 10, "LATITUDE": -22.534219, "LONGITUDE": -55.730646 }, "geometry": { "type": "Point", "coordinates": [ -55.730646, -22.534219 ] } },
{ "type": "Feature", "properties": { "MUNICIPIO": "Ponta pora", "RANK": 4, "FREQ": 5, "LATITUDE": -22.52654, "LONGITUDE": -55.736292 }, "geometry": { "type": "Point", "coordinates": [ -55.736292, -22.52654 ] } },
{ "type": "Feature", "properties": { "MUNICIPIO": "Ponta pora", "RANK": 5, "FREQ": 4, "LATITUDE": -22.52559, "LONGITUDE": -55.734855 }, "geometry": { "type": "Point", "coordinates": [ -55.734855, -22.52559 ] } },
{ "type": "Feature", "properties": { "MUNICIPIO": "Ponta pora", "RANK": 6, "FREQ": 3, "LATITUDE": -22.524290466666699, "LONGITUDE": -55.733400033333297 }, "geometry": { "type": "Point", "coordinates": [ -55.733400033333297, -22.524290466666699 ] } },
{ "type": "Feature", "properties": { "MUNICIPIO": "Porto Murtinho", "RANK": 1, "FREQ": 16, "LATITUDE": -21.700840312499999, "LONGITUDE": -57.885527175 }, "geometry": { "type": "Point", "coordinates": [ -57.885527175, -21.700840312499999 ] } },
{ "type": "Feature", "properties": { "MUNICIPIO": "Porto Murtinho", "RANK": 2, "FREQ": 13, "LATITUDE": -21.704630561538501, "LONGITUDE": -57.894105992307701 }, "geometry": { "type": "Point", "coordinates": [ -57.894105992307701, -21.704630561538501 ] } },
{ "type": "Feature", "properties": { "MUNICIPIO": "Porto Murtinho", "RANK": 3, "FREQ": 13, "LATITUDE": -21.698807369230799, "LONGITUDE": -57.876821138461501 }, "geometry": { "type": "Point", "coordinates": [ -57.876821138461501, -21.698807369230799 ] } },
{ "type": "Feature", "properties": { "MUNICIPIO": "Porto Murtinho", "RANK": 4, "FREQ": 10, "LATITUDE": -21.698059, "LONGITUDE": -57.879772 }, "geometry": { "type": "Point", "coordinates": [ -57.879772, -21.698059 ] } },
{ "type": "Feature", "properties": { "MUNICIPIO": "Porto Murtinho", "RANK": 5, "FREQ": 6, "LATITUDE": -21.702373333333298, "LONGITUDE": -57.890833333333298 }, "geometry": { "type": "Point", "coordinates": [ -57.890833333333298, -21.702373333333298 ] } },
{ "type": "Feature", "properties": { "MUNICIPIO": "Porto Murtinho", "RANK": 6, "FREQ": 4, "LATITUDE": -21.698625, "LONGITUDE": -57.88214 }, "geometry": { "type": "Point", "coordinates": [ -57.88214, -21.698625 ] } },
{ "type": "Feature", "properties": { "MUNICIPIO": "Porto Murtinho", "RANK": 7, "FREQ": 4, "LATITUDE": -21.70336, "LONGITUDE": -57.892425 }, "geometry": { "type": "Point", "coordinates": [ -57.892425, -21.70336 ] } },
{ "type": "Feature", "properties": { "MUNICIPIO": "Porto Murtinho", "RANK": 8, "FREQ": 2, "LATITUDE": -21.70043, "LONGITUDE": -57.8842 }, "geometry": { "type": "Point", "coordinates": [ -57.8842, -21.70043 ] } },
{ "type": "Feature", "properties": { "MUNICIPIO": "Porto Murtinho", "RANK": 9, "FREQ": 2, "LATITUDE": -21.69975, "LONGITUDE": -57.88348 }, "geometry": { "type": "Point", "coordinates": [ -57.88348, -21.69975 ] } },
{ "type": "Feature", "properties": { "MUNICIPIO": "Porto Murtinho", "RANK": 10, "FREQ": 2, "LATITUDE": -21.70135, "LONGITUDE": -57.88976 }, "geometry": { "type": "Point", "coordinates": [ -57.88976, -21.70135 ] } },
{ "type": "Feature", "properties": { "MUNICIPIO": "Porto Murtinho", "RANK": 11, "FREQ": 2, "LATITUDE": -21.70058, "LONGITUDE": -57.88899 }, "geometry": { "type": "Point", "coordinates": [ -57.88899, -21.70058 ] } },
{ "type": "Feature", "properties": { "MUNICIPIO": "Porto Murtinho", "RANK": 12, "FREQ": 2, "LATITUDE": -21.69983, "LONGITUDE": -57.88836 }, "geometry": { "type": "Point", "coordinates": [ -57.88836, -21.69983 ] } },
{ "type": "Feature", "properties": { "MUNICIPIO": "Porto Murtinho", "RANK": 13, "FREQ": 2, "LATITUDE": -21.70027, "LONGITUDE": -57.88729 }, "geometry": { "type": "Point", "coordinates": [ -57.88729, -21.70027 ] } },
{ "type": "Feature", "properties": { "MUNICIPIO": "Porto Murtinho ", "RANK": 1, "FREQ": 112, "LATITUDE": -21.700516287500001, "LONGITUDE": -57.8857707383929 }, "geometry": { "type": "Point", "coordinates": [ -57.8857707383929, -21.700516287500001 ] } },
{ "type": "Feature", "properties": { "MUNICIPIO": "Porto Murtinho ", "RANK": 2, "FREQ": 64, "LATITUDE": -21.696581148437499, "LONGITUDE": -57.885020114062499 }, "geometry": { "type": "Point", "coordinates": [ -57.885020114062499, -21.696581148437499 ] } },
{ "type": "Feature", "properties": { "MUNICIPIO": "Porto Murtinho ", "RANK": 3, "FREQ": 57, "LATITUDE": -21.699115414035099, "LONGITUDE": -57.889302031579 }, "geometry": { "type": "Point", "coordinates": [ -57.889302031579, -21.699115414035099 ] } },
{ "type": "Feature", "properties": { "MUNICIPIO": "Porto Murtinho ", "RANK": 4, "FREQ": 14, "LATITUDE": -21.7007717285714, "LONGITUDE": -57.883626207142903 }, "geometry": { "type": "Point", "coordinates": [ -57.883626207142903, -21.7007717285714 ] } },
{ "type": "Feature", "properties": { "MUNICIPIO": "Porto Murtinho ", "RANK": 5, "FREQ": 8, "LATITUDE": -21.69896, "LONGITUDE": -57.88432 }, "geometry": { "type": "Point", "coordinates": [ -57.88432, -21.69896 ] } },
{ "type": "Feature", "properties": { "MUNICIPIO": "Porto Murtinho ", "RANK": 6, "FREQ": 3, "LATITUDE": -21.694570566666702, "LONGITUDE": -57.8830313333333 }, "geometry": { "type": "Point", "coordinates": [ -57.8830313333333, -21.694570566666702 ] } },
{ "type": "Feature", "properties": { "MUNICIPIO": "Porto Murtinho ", "RANK": 7, "FREQ": 2, "LATITUDE": -21.69895, "LONGITUDE": -57.88589 }, "geometry": { "type": "Point", "coordinates": [ -57.88589, -21.69895 ] } },
{ "type": "Feature", "properties": { "MUNICIPIO": "Porto Murtinho ", "RANK": 8, "FREQ": 2, "LATITUDE": -21.6982, "LONGITUDE": -57.88668 }, "geometry": { "type": "Point", "coordinates": [ -57.88668, -21.6982 ] } },
{ "type": "Feature", "properties": { "MUNICIPIO": "Porto Murtinho ", "RANK": 9, "FREQ": 2, "LATITUDE": -21.69893, "LONGITUDE": -57.88741 }, "geometry": { "type": "Point", "coordinates": [ -57.88741, -21.69893 ] } },
{ "type": "Feature", "properties": { "MUNICIPIO": "Porto Murtinho ", "RANK": 10, "FREQ": 2, "LATITUDE": -21.69533, "LONGITUDE": -57.88374 }, "geometry": { "type": "Point", "coordinates": [ -57.88374, -21.69533 ] } }
]
}
